Dosya	Sira	Kategori	Urun Adi	Fiyat
atlama-ipi.html	1	ATLAMA ÝPÝ	EY116 ALTIS	80
atlama-ipi.html	2	ATLAMA ÝPÝ	HTE120 HATTRICK	130
atlama-ipi.html	3	ATLAMA ÝPÝ	EY122 HATTRICK	130
atlama-ipi.html	4	ATLAMA ÝPÝ	EY121 HATTRICK	140
atlama-ipi.html	5	ATLAMA ÝPÝ	HTE959 HATTRICK	170
atlama-ipi.html	6	ATLAMA ÝPÝ	EY117 HATTRICK	170
atlama-ipi.html	7	ATLAMA ÝPÝ	HTE970 HATTRICK	210
atlama-ipi.html	8	ATLAMA ÝPÝ	EY113 ALTIS	220
atlama-ipi.html	9	ATLAMA ÝPÝ	EY150 HATTRICK	220
atlama-ipi.html	10	ATLAMA ÝPÝ	HTE100 HATTRICK	230
atlama-ipi.html	11	ATLAMA ÝPÝ	Helix Atlama Ýpi Kýrmýzý JRP-50	120
atlama-ipi.html	12	ATLAMA ÝPÝ	Helix Atlama Ýpi Yeþil JRP-60	120
atlama-ipi.html	13	ATLAMA ÝPÝ	Helix Atlama Ýpi Siyah/Yeþil - SJR-10	670
atlama-ipi.html	14	ATLAMA ÝPÝ	Helix Ýpsiz Atlama Ýpi RSR-90	210
atlama-ipi.html	15	ATLAMA ÝPÝ	Helix Atlama Ýpi JRP-10	160
atlama-ipi.html	16	ATLAMA ÝPÝ	Helix Atlama Ýpi JRP-20	160
atlama-ipi.html	17	ATLAMA ÝPÝ	Helix Atlama Ýpi Hýzlý - JRP-30	220
atlama-ipi.html	18	ATLAMA ÝPÝ	Helix Atlama Ýpi JRP-40M	80
atlama-ipi.html	19	ATLAMA ÝPÝ	Helix Atlama Ýpi JRP-40K	80
atlama-ipi.html	20	ATLAMA ÝPÝ	Helix Atlama Ýpi JRP-40P	80
atlama-ipi.html	21	ATLAMA ÝPÝ	Helix Atlama Ýpi JRP-40S	80
atlama-ipi.html	22	ATLAMA ÝPÝ	Helix Atlama Ýpi Hýzlý Mavi - SJR- 20	360
atlama-ipi.html	23	ATLAMA ÝPÝ	Helix Atlama Ýpi JRG-2	160
atlama-ipi.html	24	ATLAMA ÝPÝ	Helix Atlama Ýpi JRW-2	160
badminton.html	1	BADMINTON	B100 ALTIS	340
badminton.html	2	BADMINTON	B300 ALTIS	330
badminton.html	3	BADMINTON	B400 ALTIS	450
badminton.html	4	BADMINTON	SDB43 SPORTICA	150
badminton.html	5	BADMINTON	SDB53 ALTIS HBT53 HATTRICK	255
badminton.html	6	BADMINTON	SDB10 ALTIS	290
badminton.html	7	BADMINTON	SDB65 SPORTICA	360
badminton.html	8	BADMINTON	BS05 ALTIS	380
badminton.html	9	BADMINTON	BS20 ALTIS	560
badminton.html	10	BADMINTON	Helix Badminton Raketi Unique BR030	1770
badminton.html	11	BADMINTON	Helix Badminton Raketi Primier BR020	580
badminton.html	12	BADMINTON	TBF Badminton Raketi Magical TBF-ML	3280
badminton.html	13	BADMINTON	TBF Badminton Raketi Momentum TBF-M	3280
badminton.html	14	BADMINTON	TBF Badminton Raketi Strong TBF-S	3280
badminton.html	15	BADMINTON	TBF Badminton Raketi Winner TBF-W	3280
badminton.html	16	BADMINTON	Helix Storm Badminton Raket Seti	920
badminton.html	17	BADMINTON	TBF Badminton Raket Seti Beginning TBF-BG	680
badminton.html	18	BADMINTON	Helix Badminton Raket Seti Enjoy BR010	260
badminton.html	19	BADMINTON	Helix Badminton Raket Seti Glory BR012	340
badminton.html	20	BADMINTON	Helix Badminton Raket Seti BR001	140
badminton.html	21	BADMINTON	TBF Badminton Topu SHN10	770
badminton.html	22	BADMINTON	Leipai Badminton Topu DG-10 BWF Onaylý	4560
badminton.html	23	BADMINTON	"Helix Badminton Topu Hobi BBT-Set 6&#x27;lý"	170
badminton.html	24	BADMINTON	Helix Badminton Topu Iþýklý LB- 10 Sarý	300
badminton.html	25	BADMINTON	Helix Badminton Topu Iþýklý LB- 20 Turuncu	300
badminton.html	26	BADMINTON	Helix Badminton Topu Air AB-20 Turuncu	250
badminton.html	27	BADMINTON	Helix Badminton Topu Air AB-10 Sarý	250
badminton.html	28	BADMINTON	BT10 ALTIS	130
badminton.html	29	BADMINTON	BT30 HATTRICK	220
badminton.html	30	BADMINTON	BT50 HATTRICK	300
badminton.html	31	BADMINTON	Enlio BWF Onaylý Badminton Filesi	2450
badminton.html	32	BADMINTON	TBF Badminton Filesi TBF-1 TBF Onaylý	760
badminton.html	33	BADMINTON	Helix Badminton Filesi N550B	690
badminton.html	34	BADMINTON	Helix Badminton Filesi Portatif PB 3m	2150
badminton.html	35	BADMINTON	"TBF Badminton Grip DG600 60&#x27;lý"	6200
badminton.html	36	BADMINTON	"TBF Badminton Grip DG700 60&#x27;lý"	6200
badminton.html	37	BADMINTON	"TBF Badminton Grip BG-600Y 3&#x27;lü"	220
badminton.html	38	BADMINTON	"TBF Badminton Grip BG-600O 3&#x27;lü"	220
badminton.html	39	BADMINTON	TBF Badminton Kordaj BKS200Y 200m Sarý	1830
badminton.html	40	BADMINTON	TBF Badminton Kordaj BKS200W 200m Beyaz	1830
badminton.html	41	BADMINTON	TBF Badminton Kordaj BKP200BL-PRO 200m Siyah	8380
badminton.html	42	BADMINTON	TBF Badminton Kordaj BKS100W-PRO 100m Beyaz	4190
badminton.html	43	BADMINTON	TBF Badminton Kordaj BKP100OR-PRO 100m Turuncu	4190
badminton.html	44	BADMINTON	TBF Badminton Kordaj BKP100BL-PRO 100m Siyah	4190
badminton.html	45	BADMINTON	TBF Badminton Kordaj BKP200OR-PRO 200m Turuncu	8380
badminton.html	46	BADMINTON	TBF Badminton Kordaj BKS100Y 100m Sarý	920
badminton.html	47	BADMINTON	Helix Badminton Direði Standart SBD-15	3630
badminton.html	48	BADMINTON	Helix Badminton Direði Seyyar SBD-2	5440
badminton.html	49	BADMINTON	Helix Raket Örme Makinesi RSM-300	142000
badminton.html	50	BADMINTON	Helix Manuel Raket Örme Makinesi RSM-200	666650
badminton.html	51	BADMINTON	Enlio Badminton Zemini Y3170 BWF Onaylý	309000
basketbol.html	1	BASKETBOL	C7 HATTRICK	310
basketbol.html	2	BASKETBOL	C6 HATTRICK	290
basketbol.html	3	BASKETBOL	C3 HATTRICK	270
basketbol.html	4	BASKETBOL	ALT700 ALTIS	790
basketbol.html	5	BASKETBOL	ALT600 ALTIS	790
basketbol.html	6	BASKETBOL	ALT500 ALTIS	790
basketbol.html	7	BASKETBOL	B3 ALTIS	400
basketbol.html	8	BASKETBOL	STREET PRO HATTRICK No:7	680
basketbol.html	9	BASKETBOL	STREET PRO HATTRICK No:6	680
basketbol.html	10	BASKETBOL	STREET PRO HATTRICK No:5	680
basketbol.html	11	BASKETBOL	BB100 ALTIS	290
basketbol.html	12	BASKETBOL	Helix Basketbol Topu Allstar No:7	540
basketbol.html	13	BASKETBOL	Helix Basketbol Topu Allstar No:6	520
basketbol.html	14	BASKETBOL	Helix Basketbol Topu Allstar 5	500
basketbol.html	15	BASKETBOL	Helix Basketbol Topu Wizard RX8 No:7	370
basketbol.html	16	BASKETBOL	Helix Basketbol Topu Wizard RX8 No:6	360
basketbol.html	17	BASKETBOL	Helix Basketbol Topu Wizard RX8 No:5	340
basketbol.html	18	BASKETBOL	Helix Flash Tx100 Basketbol Topu: No: 7	330
basketbol.html	19	BASKETBOL	Helix Flash Tx100 Basketbol Topu: No: 6	330
basketbol.html	20	BASKETBOL	Helix Flash Tx100 Basketbol Topu: No: 5	330
basketbol.html	21	BASKETBOL	Helix Basketbol Topu Iþýklý BL-1 No:7	970
basketbol.html	22	BASKETBOL	Helix Basketbol Çemberi BH 7kg	1950
basketbol.html	23	BASKETBOL	Helix Basketbol Çemberi BH 8kg	2330
basketbol.html	24	BASKETBOL	Helix Basketbol Potasý Portatif BPA-160	3750
basketbol.html	25	BASKETBOL	PVC PANYA HB-1 ALTIS	5440
basketbol.html	26	BASKETBOL	PVC PANYA HB-5 ALTIS	4740
basketbol.html	27	BASKETBOL	PVC PANYA HB-2 ALTIS	4770
basketbol.html	28	BASKETBOL	BNS3O HATTRICK BASKETBOL AÐI	270
bocce.html	1	BOCCE	BCS08 HATTRICK	110
bocce.html	2	BOCCE	Helix Petank Seti 8'li BB-8	1200
bocce.html	3	BOCCE	Helix Raffa Seti 8'li RBB-8	4000
bocce.html	4	BOCCE	Obut Match IT Petank Seti Strie 0	14900
bocce.html	5	BOCCE	Obut Match IT Petank Seti Strie 1	14900
egzersiz.html	1	EGZERSIZ	CROSSFIT HALATI 3809CRS	2500
egzersiz.html	2	EGZERSIZ	CROSSFIT HALATI 3812CRS	2730
egzersiz.html	3	EGZERSIZ	CROSSFIT HALATI HCT15	3350
egzersiz.html	4	EGZERSIZ	CROSSFIT HALATI 5012CRS	4480
egzersiz.html	5	EGZERSIZ	TRAINING SET TRX-PRO	4200
egzersiz.html	6	EGZERSIZ	TWISTER TS10	230
egzersiz.html	7	EGZERSIZ	TWISTER TW30	280
egzersiz.html	8	EGZERSIZ	TWISTER TW50	220
egzersiz.html	9	EGZERSIZ	GÖÐÜS YAYI CE200	250
egzersiz.html	10	EGZERSIZ	GÖÐÜS YAYI HGY400	250
egzersiz.html	11	EGZERSIZ	GÖÐÜS YAYI GY50	290
egzersiz.html	12	EGZERSIZ	KAPI BARI ES35	630
egzersiz.html	13	EGZERSIZ	KAPI BARFÝKSÝ KB20	630
egzersiz.html	14	EGZERSIZ	KAPI BARFÝKSÝ HKB500	520
egzersiz.html	15	EGZERSIZ	KAPI BARFÝKSÝ B100	520
egzersiz.html	16	EGZERSIZ	EGZERSÝZ SETÝ T20	290
egzersiz.html	17	EGZERSIZ	EGZERSÝZ SETÝ BHS10	290
egzersiz.html	18	EGZERSIZ	EGZERSÝZ SETÝ LS964	230
egzersiz.html	19	EGZERSIZ	KAPI EGZERSÝZ ALETÝ KB30	350
egzersiz.html	20	EGZERSIZ	KELEBEK VÜCUT ÇALIÞTIRICI LS968	220
egzersiz.html	21	EGZERSIZ	EGZERSÝZ TEKERLEÐÝ ES530	250
egzersiz.html	22	EGZERSIZ	MAT ROLLER TAIWAN ES600	290
egzersiz.html	23	EGZERSIZ	KOL ÇALIÞTIRICI KY10	150
egzersiz.html	24	EGZERSIZ	KOL ÇALIÞTIRICI KY20	160
egzersiz.html	25	EGZERSIZ	KOL ÇALIÞTIRICI YB10	160
egzersiz.html	26	EGZERSIZ	KOL ÇALIÞTIRICI YB80	180
egzersiz.html	27	EGZERSIZ	KOL ÇALIÞTIRICI YB60	180
egzersiz.html	28	EGZERSIZ	VÜCUT ANALÝZATÖR BFA01	150
egzersiz.html	29	EGZERSIZ	PEDOMETRE PD20	70
egzersiz.html	30	EGZERSIZ	Helix Direnç Bandý Kiti EBS-5	2510
egzersiz.html	31	EGZERSIZ	Helix Suspension Trainer ST-20	820
egzersiz.html	32	EGZERSIZ	Helix El ve Ayak Bilek Aðýrlýðý WA20 2kg Siyah	560
egzersiz.html	33	EGZERSIZ	Helix El ve Ayak Bilek Aðýrlýðý WA15 1.5kg Mavi	460
egzersiz.html	34	EGZERSIZ	Helix El ve Ayak Bilek Aðýrlýðý WA10 1kg Turuncu	370
egzersiz.html	35	EGZERSIZ	Helix El ve Ayak Bilek Aðýrlýðý NA-20 2kg	440
egzersiz.html	36	EGZERSIZ	Helix El ve Ayak Bilek Aðýrlýðý NA-15 1.5kg	340
egzersiz.html	37	EGZERSIZ	Helix El ve Ayak Bilek Aðýrlýðý NA-10 1kg	290
egzersiz.html	38	EGZERSIZ	Helix Egzersiz Seti Bungee Fly 70kg	4720
egzersiz.html	39	EGZERSIZ	Helix Egzersiz Seti Bungee Fly 60kg	4650
egzersiz.html	40	EGZERSIZ	Helix Egzersiz Seti Bungee Fly 50kg	4510
egzersiz.html	41	EGZERSIZ	Helix Direnç Lastiði TT-20 Pembe	130
egzersiz.html	42	EGZERSIZ	Helix Direnç Lastiði TT-10 Mavi	130
egzersiz.html	43	EGZERSIZ	Helix Direnç Lastiði RT120 Mavi	280
egzersiz.html	44	EGZERSIZ	Helix Denge Diski DD Mavi	410
egzersiz.html	45	EGZERSIZ	Helix Denge Diski DD Siyah	410
egzersiz.html	46	EGZERSIZ	Helix Bel Form Plakasý FP Pembe	540
el-yayi.html	1	EL YAYI	EY103 ALTIS	140
el-yayi.html	2	EL YAYI	EY109 HATTRICK	150
el-yayi.html	3	EL YAYI	EY90 ALTIS	150
fitness.html	1	FITNESS	DAMBIL SETÝ DS10 ALTIS	1020
fitness.html	2	FITNESS	DAMBIL SETÝ HDS20 HATTRICK	1480
fitness.html	3	FITNESS	DAMBIL SETÝ HDS30 HATTRICK	1820
fitness.html	4	FITNESS	DAMBIL SETÝ HDS40 HATTRICK	3970
fitness.html	5	FITNESS	MEKÝK SEHPASI MK300	4540
fitness.html	6	FITNESS	MEKÝK SEHPASI BNCH03	4820
fitness.html	7	FITNESS	AÐIRLIK SEHPASI BNCH06	5280
fitness.html	8	FITNESS	AÐIRLIK SEHPASI BNCH02	5500
fitness.html	9	FITNESS	AÐIRLIK SEHPASI BNCH01	7940
fitness.html	10	FITNESS	AÐIRLIK KEMERÝ POWER ALTIS	490
fitness.html	11	FITNESS	AÐIRLIK KALDIRMA AK20	490
fitness.html	12	FITNESS	KISA BAR HDB10	160
fitness.html	13	FITNESS	KISA BAR KBR10	340
fitness.html	14	FITNESS	KROM BAR ABR120	1010
fitness.html	15	FITNESS	KROM BAR ABR119	1010
fitness.html	16	FITNESS	KROM BAR ABR152	1130
fitness.html	17	FITNESS	KROM BAR ABR160	1140
fitness.html	18	FITNESS	KROM BAR ABR183	1310
fitness.html	19	FITNESS	KROM BAR ABR213	1420
fitness.html	20	FITNESS	DÖKÜM PLAKA SDA 7,5	680
fitness.html	21	FITNESS	DÖKÜM PLAKA SDA10	910
fitness.html	22	FITNESS	DÖKÜM PLAKA SDA12,5	1140
fitness.html	23	FITNESS	DÖKÜM PLAKA SDA15	1360
fitness.html	24	FITNESS	DÖKÜM PLAKA SDA20	1880
fitness.html	25	FITNESS	KROM PLAKA KP0,5	60
fitness.html	26	FITNESS	KROM PLAKA KP1	110
fitness.html	27	FITNESS	KROM PLAKA KP1,5	170
fitness.html	28	FITNESS	KROM PLAKA KP2	210
fitness.html	29	FITNESS	KROM PLAKA KP2,5	250
fitness.html	30	FITNESS	KROM PLAKA KP3	310
fitness.html	31	FITNESS	KROM PLAKA KP4	410
fitness.html	32	FITNESS	KROM PLAKA KP5	530
fitness.html	33	FITNESS	KROM PLAKA KP7,5	750
fitness.html	34	FITNESS	KROM PLAKA KP10	1090
fitness.html	35	FITNESS	KROM PLAKA KP12,5	1320
fitness.html	36	FITNESS	KROM PLAKA KP15	1550
fitness.html	37	FITNESS	KROM PLAKA KP20	2110
fitness.html	38	FITNESS	DAMBIL STANDI DSR10	6000
fitness.html	39	FITNESS	DAMBIL STANDI DSR11	6000
fitness.html	40	FITNESS	EL,AYAK AÐIRLIÐI AY28	490
fitness.html	41	FITNESS	EL,AYAK AÐIRLIÐI AY29	490
fitness.html	42	FITNESS	EL,AYAK AÐIRLIÐI AS10	120
fitness.html	43	FITNESS	EL,AYAK AÐIRLIÐI AS30	280
fitness.html	44	FITNESS	EL,AYAK AÐIRLIÐI HE13	370
fitness.html	45	FITNESS	EL,AYAK AÐIRLIÐI AS50	430
fitness.html	46	FITNESS	EL,AYAK AÐIRLIÐI AS60	510
fitness.html	47	FITNESS	EL,AYAK AÐIRLIÐI AS70	550
fitness.html	48	FITNESS	EL,AYAK AÐIRLIÐI AS80	550
fitness.html	49	FITNESS	DAMBIL AL67 ALTIS	400
fitness.html	50	FITNESS	DAMBIL AL69 ALTIS	630
fitness.html	51	FITNESS	DAMBIL VD7 HATTRICK	800
fitness.html	52	FITNESS	DAMBIL VD9 HATTRICK	970
fitness.html	53	FITNESS	VD10 HATTRICK	1140
fitness.html	54	FITNESS	ÇÝFTLÝ DAMBIL VDS10 ALTIS	170
fitness.html	55	FITNESS	ÇÝFTLÝ DAMBIL VDS20 ALTIS	330
fitness.html	56	FITNESS	ÇÝFTLÝ DAMBIL VDS50 ALTIS	910
fitness.html	57	FITNESS	KÖÞELÝ DAMBIL DS50 ALTIS	140
fitness.html	58	FITNESS	KÖÞELÝ DAMBIL DS63 ALTIS	300
fitness.html	59	FITNESS	KÖÞELÝ DAMBIL DS71 ALTIS	310
fitness.html	60	FITNESS	KÖÞELÝ DAMBIL DS80 ALTIS	400
fitness.html	61	FITNESS	KÖÞELÝ DAMBIL DS86 ALTIS	410
fitness.html	62	FITNESS	KÖÞELÝ DAMBIL DS90 ALTIS	510
fitness.html	63	FITNESS	KÖÞELÝ DAMBIL DS99 ALTIS	510
fitness.html	64	FITNESS	KÖÞELÝ DAMBIL HR30 ALTIS	510
fitness.html	65	FITNESS	FITNESS ELDÝVEN TROX	170
fitness.html	66	FITNESS	FITNESS ELDÝVEN WETRO	170
fitness.html	67	FITNESS	FITNESS ELDÝVEN CONVAX	250
fitness.html	68	FITNESS	FITNESS ELDÝVEN SNIPER	250
fitness.html	69	FITNESS	FITNESS ELDÝVEN SHOT	250
fitness.html	70	FITNESS	FITNESS ELDÝVEN ACROSS	250
fitness.html	71	FITNESS	FITNESS ELDÝVEN PALMS	290
fitness.html	72	FITNESS	FITNESS ELDÝVEN NEOFÝT	290
fitness.html	73	FITNESS	FITNESS ELDÝVEN MESHBACK	290
fitness.html	74	FITNESS	FITNESS ELDÝVEN TRIMMER	290
fitness.html	75	FITNESS	FITNESS ELDÝVEN FLASH	360
fitness.html	76	FITNESS	FITNESS ELDÝVENÝ PREXA	420
fitness.html	77	FITNESS	FITNESS ELDÝVENÝ HIGHPRO	160
fitness.html	78	FITNESS	Vortex Kondisyon Küreði TR001RM-5	34200
fitness.html	79	FITNESS	Helix Crossfit Antrenman Halatý CR-15 15m	3450
fitness.html	80	FITNESS	Helix Crossfit Antrenman Halatý CR-12 12m	2840
fitness.html	81	FITNESS	Helix Crossfit Antrenman Halatý CR-10 10m	2500
fitness.html	82	FITNESS	Helix Çekme Halatý BR-14 14m	4750
fitness.html	83	FITNESS	Vortex Mag Grip Seti MGA-5	
fitness.html	84	FITNESS	Raptor Olimpik Z Bar OZB-120 120cm	2700
fitness.html	85	FITNESS	Raptor Olimpik Bar OB-180 180cm	4270
fitness.html	86	FITNESS	Helix Duvar Barfiks Barý DB-50	1380
fitness.html	87	FITNESS	Helix Kapý Barfiks Barý DB-10	720
fitness.html	88	FITNESS	Helix Halter Trap Bar TB-142 142cm	7530
fitness.html	89	FITNESS	Helix Kýsa Bar Krom SB-32 32cm	490
fitness.html	90	FITNESS	Helix Güç Çantasý PB25	2330
fitness.html	91	FITNESS	Helix Güç Çantasý PB20 20kg	2120
fitness.html	92	FITNESS	Helix Güç Çantasý PB15 15kg	2020
fitness.html	93	FITNESS	Helix Güç Çantasý PB10 10kg	1940
fitness.html	94	FITNESS	Helix Güç Çantasý PB5 5kg	1860
fitness.html	95	FITNESS	Helix Bulgar Çantasý BB25 25kg	2280
fitness.html	96	FITNESS	Helix Bulgar Çantasý BB20 20kg	2120
fitness.html	97	FITNESS	Helix Bulgar Çantasý BB15 15kg	2010
fitness.html	98	FITNESS	Helix Bulgar Çantasý BB10 10kg	1970
fitness.html	99	FITNESS	Helix Bulgar Çantasý BB5 5kg	1930
fitness.html	100	FITNESS	"Helix Dambýl Standý 10&#x27;lu DS-10"	1020
fitness.html	101	FITNESS	Helix Dambýl Standý Plastik PDS- 5	500
fitness.html	102	FITNESS	Helix Kettlebell Vinil KB-24 24kg	5410
fitness.html	103	FITNESS	Helix Kettlebell Vinil KB-20 20kg	4510
fitness.html	104	FITNESS	Helix Kettlebell Vinil KB-5 5kg	1050
fitness.html	105	FITNESS	Helix Kettlebell Vinil KB-3 3kg	630
fitness.html	106	FITNESS	Helix Kettlebell Vinil KB-18 18kg	3780
fitness.html	107	FITNESS	Helix Kettlebell Vinil KB-16 16kg	3610
fitness.html	108	FITNESS	Helix Kettlebell Vinil KB-14 14kg	2940
fitness.html	109	FITNESS	Helix Kettlebell Vinil KB-12 12kg	2710
fitness.html	110	FITNESS	Helix Kettlebell Vinil KB-10 10kg	2260
fitness.html	111	FITNESS	Helix Kettlebell Vinil KTB-8 8kg	1810
fitness.html	112	FITNESS	Helix Kettlebell Vinil KB-6 6kg	1360
fitness.html	113	FITNESS	Helix Kettlebell Vinil KB-4 4kg	910
fitness.html	114	FITNESS	Helix Kettlebell Vinil KB-2 2kg	430
fitness.html	115	FITNESS	Helix Kettlebell Neopren NK-20 20kg	4550
fitness.html	116	FITNESS	Helix Kettlebell Neopren NK-2 2kg	480
fitness.html	117	FITNESS	Helix Olimpik Plaka Kauçuk Kaplý RP-25 25kg	7090
fitness.html	118	FITNESS	Helix Olimpik Plaka Kauçuk Kaplý RP-20 20kg	5670
fitness.html	119	FITNESS	Helix Olimpik Plaka Kauçuk Kaplý RP-15 15kg	4260
fitness.html	120	FITNESS	Helix Olimpik Plaka Kauçuk Kaplý RP-10 10kg	2840
fitness.html	121	FITNESS	Helix Olimpik Plaka Kauçuk Kaplý RP-7 7.5kg	2140
fitness.html	122	FITNESS	Helix Olimpik Plaka Kauçuk Kaplý RP-5 5kg	1420
fitness.html	123	FITNESS	Helix Olimpik Plaka Kauçuk Kaplý RP-2 2.5kg	710
fitness.html	124	FITNESS	Helix Gri Plaka Set CPD-20 20kg	4350
fitness.html	125	FITNESS	Helix Gri Plaka Set CPD-15 15kg	3900
fitness.html	126	FITNESS	Helix Gri Plaka Set CPD-10 10kg	2400
fitness.html	127	FITNESS	Helix Gri Plaka GP-50 5kg	920
fitness.html	128	FITNESS	Helix Gri Plaka GP-25 2.5kg	460
fitness.html	129	FITNESS	Helix Gri Plaka GP-10 10kg	1760
fitness.html	130	FITNESS	Helix Dambýl Kauçuk HX-27 27.5kg	5140
fitness.html	131	FITNESS	Helix Dambýl Kauçuk HX-35 35kg	6920
fitness.html	132	FITNESS	Helix Dambýl Kauçuk HX-30 30kg	5930
fitness.html	133	FITNESS	Helix Dambýl Kauçuk HX-22 22.5kg	5450
fitness.html	134	FITNESS	Helix Dambýl Kauçuk HX-25 25kg	4950
fitness.html	135	FITNESS	Helix Dambýl Kauçuk HX-20 20kg	6960
fitness.html	136	FITNESS	Helix Dambýl Kauçuk HX-17 17.5kg	3460
fitness.html	137	FITNESS	Helix Dambýl Kauçuk HX-15 15kg	2970
fitness.html	138	FITNESS	Helix Dambýl Kauçuk HX-12 12.5kg	2470
fitness.html	139	FITNESS	Helix Dambýl Kauçuk HX-10 10kg	1930
fitness.html	140	FITNESS	Helix Dambýl Kauçuk HX-75 7.5kg	1490
fitness.html	141	FITNESS	Helix Dambýl Kauçuk HX-5 5kg	1000
fitness.html	142	FITNESS	Helix Dambýl Kauçuk HX-2 2.5kg	620
fitness.html	143	FITNESS	Helix Dambýl Vinil PVC PD-10 10kg	2070
fitness.html	144	FITNESS	Helix Dambýl Vinil PVC PD-09 9kg	1870
fitness.html	145	FITNESS	Helix Dambýl Vinil PVC PD-08 8kg	1660
fitness.html	146	FITNESS	Helix Dambýl Vinil PVC PD-07 7kg	1460
fitness.html	147	FITNESS	Helix Dambýl Vinil PVC PD-06 6kg	1250
fitness.html	148	FITNESS	Helix Dambýl Vinil PVC PD-05 5kg	1040
fitness.html	149	FITNESS	Helix Dambýl Vinil PVC PD-04 4kg	830
fitness.html	150	FITNESS	Helix Dambýl Vinil PVC PD-03 3kg	630
fitness.html	151	FITNESS	Helix Dambýl Vinil PVC PD-02 2kg	420
fitness.html	152	FITNESS	Helix Dambýl Vinil PVC PD-01 1kg	210
fitness.html	153	FITNESS	Helix Dambýl Neopren ND-10 10kg	2070
fitness.html	154	FITNESS	Helix Dambýl Neopren ND-9 9kg	1870
fitness.html	155	FITNESS	Helix Dambýl Neopren ND-8 8kg	1660
fitness.html	156	FITNESS	Helix Dambýl Neopren ND-7 7kg	1460
fitness.html	157	FITNESS	Helix Dambýl Neopren ND-6 6kg	1250
fitness.html	158	FITNESS	Helix Dambýl Neopren ND-5 5kg	1040
fitness.html	159	FITNESS	Helix Dambýl Neopren ND-4 4kg	830
fitness.html	160	FITNESS	Helix Dambýl Neopren ND-1 1kg	210
fitness.html	161	FITNESS	Helix Dambýl Neopren ND-05 0.5kg	120
fitness.html	162	FITNESS	Helix Dambýl Ayarlanabilir AD-40 2,5kg-40kg	13670
fitness.html	163	FITNESS	Helix Dambýl Ayarlanabilir AD-24 2,5kg-24kg	8200
futbol.html	1	FUTBOL	Helix Futbol Topu Shine Pro No:4	680
futbol.html	2	FUTBOL	Helix Futbol Topu Shine Pro No:5	680
futbol.html	3	FUTBOL	Helix Zilli Futbol Topu NV-15 No:5	920
futbol.html	4	FUTBOL	Helix Zilli Futbol Topu NV-14 No:4	920
futbol.html	5	FUTBOL	Helix Futbol Topu Velo No:5	580
futbol.html	6	FUTBOL	Helix Futbol Topu Velo No:4	580
futbol.html	7	FUTBOL	Helix Futbol Topu Trex No:5	660
futbol.html	8	FUTBOL	Helix Futbol Topu Trex No:4	660
futbol.html	9	FUTBOL	Helix Futbol Topu Trex No:3	590
futbol.html	10	FUTBOL	Helix Futbol Topu TRB No:5	930
futbol.html	11	FUTBOL	Helix Futbol Topu TRB No:4	910
futbol.html	12	FUTBOL	Helix Futbol Topu Sirius No:5	750
futbol.html	13	FUTBOL	Helix Futbol Topu Sirius No:4	740
futbol.html	14	FUTBOL	Helix Futbol Topu Quick Pro No:5	550
futbol.html	15	FUTBOL	Helix Futbol Topu Quick Pro No:4	550
futbol.html	16	FUTBOL	Helix Futbol Topu NS Quick No:5	550
futbol.html	17	FUTBOL	Helix Futbol Topu Hybrid Unity No:5	650
futbol.html	18	FUTBOL	Helix Futbol Topu Hybrid Unity No:4	650
futbol.html	19	FUTBOL	Helix Futbol Topu Hybrid No:5	860
futbol.html	20	FUTBOL	Helix Futbol Topu Hybrid No:4	710
futbol.html	21	FUTBOL	Helix Futbol Topu Game No:5	610
futbol.html	22	FUTBOL	Helix Futbol Topu Game No:4	570
futbol.html	23	FUTBOL	Helix Futbol Topu Force No:5	540
futbol.html	24	FUTBOL	Helix Futbol Topu Force No:4	500
futbol.html	25	FUTBOL	Helix Futbol Topu Force No:3	510
futbol.html	26	FUTBOL	Helix Futbol Topu Extreme No:5	730
futbol.html	27	FUTBOL	Helix Futbol Antrenman Topu Ýpli RTB-3 No:3	470
futbol.html	28	FUTBOL	Helix Futbol Antrenman Topu Ýpli RTB-5 No:5	500
futbol.html	29	FUTBOL	Helix Futbol Topu Ballista No:5	440
futbol.html	30	FUTBOL	Helix Futbol Topu Iþýklý FL-1 No:5	890
futbol.html	31	FUTBOL	Helix Futbol Topu NS Quick No:4	550
futbol.html	32	FUTBOL	Helix Futbol Topu Extreme No:4	730
futbol.html	33	FUTBOL	Helix Futbol Antrenman Topu Ýpli RTB-4 No:4	490
futbol.html	34	FUTBOL	Helix Futbol Topu Pleco No:5	570
futbol.html	35	FUTBOL	Helix Futbol Topu Premier No:5	790
futbol.html	36	FUTBOL	Helix Futbol Topu Quick No:5	630
futbol.html	37	FUTBOL	Hyper Futbol Topu Blaze No:5	220
futbol.html	38	FUTBOL	Helix Futbol Topu Sannleika No:5 FIFA Quality Pro	1930
futbol.html	39	FUTBOL	PLATINO PRO HATTRICK NO:5	720
futbol.html	40	FUTBOL	PLATINO PRO HATTRICK NO:4	740
futbol.html	41	FUTBOL	PROGOLD HATTRICK NO:5	720
futbol.html	42	FUTBOL	PROGOLD ALTIS NO:4	720
futbol.html	43	FUTBOL	ORBIT HATTRICK	680
futbol.html	44	FUTBOL	HYBIRD FUTSAL HATTRICK NO:4	700
futbol.html	45	FUTBOL	FUTSAL PRO HATTRICKNO:4	720
futbol.html	46	FUTBOL	CALCIO HATTRICK NO:5	720
futbol.html	47	FUTBOL	NOVA HATTRICK NO:4	560
futbol.html	48	FUTBOL	IMPEL ALTIS NO:4	540
futbol.html	49	FUTBOL	THERMO PLUS HATTRICK NO:4	610
futbol.html	50	FUTBOL	SCORE HATTRICK NO:4	650
futbol.html	51	FUTBOL	NOVA NEW HATTRICK NO:5	640
futbol.html	52	FUTBOL	SOLERA HATTRICK NO :5	580
futbol.html	53	FUTBOL	FLEETY HATTRICK NO:5	620
futbol.html	54	FUTBOL	SCORE HATTRICK NO:5	650
futbol.html	55	FUTBOL	THERMO PLUS HATTRICK NO:5	620
futbol.html	56	FUTBOL	ATTAKER HATTRICK NO :5	680
futbol.html	57	FUTBOL	ULTIMAX HATTRICK NO:5	680
futbol.html	58	FUTBOL	HYBIRD900 HATTRICK NO:5	680
futbol.html	59	FUTBOL	FUTBOL TAKTÝK TAHTASI	170
futbol.html	60	FUTBOL	HUNÝ 40CM	130
futbol.html	61	FUTBOL	KOORDÝNASYON MERDÝVENÝ 4M ÇÝFTLÝ	740
futbol.html	62	FUTBOL	KOORDÝNASYON MERDÝVENÝ 9M ÇÝFTLÝ	1640
futbol.html	63	FUTBOL	SIÇRAMA SETÝ 23CM	180
futbol.html	64	FUTBOL	SIÇRAMA SETÝ 30CM	200
futbol.html	65	FUTBOL	SIÇRAMA SETÝ 40CM	200
futbol.html	66	FUTBOL	SIÇRAMA SETÝ 45CM	230
futbol.html	67	FUTBOL	"ENGELLÝ SETÝ 12&#x27;LÝ 48CM"	1350
futbol.html	68	FUTBOL	"ENGELLÝ SETÝ 12&#x27;LÝ 63CM"	1880
futbol.html	69	FUTBOL	Helix Futbol Kale Filesi FKF-7	2800
futbol.html	70	FUTBOL	Helix Futbol Kale Filesi Mini MKF-160	900
futbol.html	71	FUTBOL	Helix Futbol Kalesi Mini MGK- 100	6000
futbol.html	72	FUTBOL	Helix Futbol Taktik Tahtasý NS	530
futbol.html	73	FUTBOL	Helix Futbol Taktik Tahtasý Antrenör MK-899	920
futbol.html	74	FUTBOL	Helix Huni Delikli DH	110
futbol.html	75	FUTBOL	Helix Ayak Pompasý AP10	810
futbol.html	76	FUTBOL	Helix Top Þiþirme Pompasý	90
futbol.html	77	FUTBOL	Helix Kauçuk Tabanlý Slalom Seti KS-18	2910
futbol.html	78	FUTBOL	Helix Slalom Takýmý ST-150	2150
futbol.html	79	FUTBOL	Helix Top Taþýma Çantasý VBCB- 10	270
futbol.html	80	FUTBOL	Helix Top Taþýma Filesi TF-20	150
futbol.html	81	FUTBOL	Helix Top Taþýma Çantasý BCB- 100	820
futbol.html	82	FUTBOL	Helix Çeviklik Halkasý MK-850E-S	900
futbol.html	83	FUTBOL	"Helix 4&#x27;lü Set Korner Direði MK- 858"	190
futbol.html	84	FUTBOL	Helix Antrenman Engeli MK-852 15cm	80
futbol.html	85	FUTBOL	Helix Antrenman Engeli MK-852 23cm	100
futbol.html	86	FUTBOL	Helix Antrenman Engeli MK-852 30cm	120
futbol.html	87	FUTBOL	Helix Antrenman Engeli MK-852 40cm	135
futbol.html	88	FUTBOL	Helix Antrenman Engeli MK-852 50cm	160
futbol.html	89	FUTBOL	Helix Antrenman Engeli MK-852 60cm	190
futbol.html	90	FUTBOL	Helix Antrenman Merdiveni 4m	380
futbol.html	91	FUTBOL	Helix Antrenman Merdiveni 6m	500
futbol.html	92	FUTBOL	Helix Antrenman Merdiveni 9m	700
futbol.html	93	FUTBOL	"Helix Antrenman Çanaðý 1&#x27;li"	10
futbol.html	94	FUTBOL	Helix Küçük Huni MK-834	20
hentbol.html	1	HENTBOL	HB60 HATTRICK	480
hentbol.html	2	HENTBOL	Helix Hentbol Kale Filesi HKF-3	1320
hentbol.html	3	HENTBOL	Helix Hentbol Kale Filesi N320H	1050
hentbol.html	4	HENTBOL	Trimona Hentbol Wax Trimo257 250gr	1350
hentbol.html	5	HENTBOL	Trimona Hentbol Wax Trimo507 500gr	2100
hentbol.html	6	HENTBOL	Trimona Hentbol Wax Trimo907 1kg	3300
hentbol.html	7	HENTBOL	HB62 HATTRICK	480
hentbol.html	8	HENTBOL	HB64 HATTRICK	480
hentbol.html	9	HENTBOL	Helix Hentbol Topu Prime No:0	870
hentbol.html	10	HENTBOL	Helix Hentbol Topu Hybrid Pro No:3	650
hentbol.html	11	HENTBOL	Helix Hentbol Topu Hybrid Pro No:2	650
hentbol.html	12	HENTBOL	Helix Hentbol Topu Hybrid Pro No:1	650
hentbol.html	13	HENTBOL	Helix Hentbol Topu Kauçuk RH No:3	370
hentbol.html	14	HENTBOL	Helix Hentbol Topu Kauçuk RH No:2	330
hentbol.html	15	HENTBOL	Helix Hentbol Topu Kauçuk RH No:1	310
hentbol.html	16	HENTBOL	Helix Hentbol Topu Kauçuk RH No:0	280
hentbol.html	17	HENTBOL	Helix Hentbol Topu Kauçuk JHB Pembe No:2	230
hentbol.html	18	HENTBOL	Helix Hentbol Topu Kauçuk JHB Mavi No:1	230
hentbol.html	19	HENTBOL	Helix Hentbol Topu Prime No:3	870
hentbol.html	20	HENTBOL	Helix Hentbol Topu Prime No:2	870
hentbol.html	21	HENTBOL	Helix Hentbol Topu Prime No:1	870
hentbol.html	22	HENTBOL	Helix Hentbol Topu Hybrid No:3	980
hentbol.html	23	HENTBOL	Helix Hentbol Topu Hybrid No:2	980
hentbol.html	24	HENTBOL	Helix Hentbol Topu Hybrid No:1	980
hentbol.html	25	HENTBOL	Helix Hentbol Kalesi Portatif Fiber HG-1	3670
masa-tenisi.html	1	MASA TENISI	PP200 SPORTICA	440
masa-tenisi.html	2	MASA TENISI	PTC100 ALTIS	770
masa-tenisi.html	3	MASA TENISI	PTC200 ALTIS	770
masa-tenisi.html	4	MASA TENISI	"Helix Masa Tenisi Topu 100&#x27;lü D40+ 3 Yýldýz"	1530
masa-tenisi.html	5	MASA TENISI	"Helix Masa Tenisi Topu 100&#x27;lü D40+ 2 Yýldýz"	1290
masa-tenisi.html	6	MASA TENISI	"Hyper Masa Tenisi Topu 100&#x27;lü MT1 1 Yýldýz"	780
masa-tenisi.html	7	MASA TENISI	"Giant Dragon Masa Tenisi Topu 6&#x27;lý 63066 3 Yýldýz ITTF Onaylý"	280
masa-tenisi.html	8	MASA TENISI	"Giant Dragon Masa Tenisi Topu 100&#x27;lü D40+ 3 Yýldýz ITTF Onaylý"	2320
masa-tenisi.html	9	MASA TENISI	TS2000 SPORTICA	130
masa-tenisi.html	10	MASA TENISI	MT100 HATTRICK	140
masa-tenisi.html	11	MASA TENISI	MT400 HATTRICK	320
masa-tenisi.html	12	MASA TENISI	MT5OO HATRICK	380
masa-tenisi.html	13	MASA TENISI	MTC200 ALTIS	200
masa-tenisi.html	14	MASA TENISI	SDT2020 ALTIS	190
masa-tenisi.html	15	MASA TENISI	SDT3535 HATTRICK	330
masa-tenisi.html	16	MASA TENISI	SDT4040 HATTRICK	350
masa-tenisi.html	17	MASA TENISI	SDT2525 ALTIS	290
masa-tenisi.html	18	MASA TENISI	SDT5050 HATTRICK	370
masa-tenisi.html	19	MASA TENISI	Hyper Masa Tenisi Raketi 5 Yýldýz	240
masa-tenisi.html	20	MASA TENISI	Hyper Masa Tenisi Raketi 4 Yýldýz	190
masa-tenisi.html	21	MASA TENISI	Hyper Masa Tenisi Raketi 3 Yýldýz	160
masa-tenisi.html	22	MASA TENISI	Hyper Masa Tenisi Raketi 2 Yýldýz	130
masa-tenisi.html	23	MASA TENISI	Helix Masa Tenisi Raketi Velon 6 Yýldýz ITTF Onaylý	1060
masa-tenisi.html	24	MASA TENISI	Helix Masa Tenisi Raketi Synergy 5 Yýldýz ITTF Onaylý	500
masa-tenisi.html	25	MASA TENISI	Helix Masa Tenisi Raketi Meteor 2 Yýldýz ITTF Onaylý	250
masa-tenisi.html	26	MASA TENISI	Helix Masa Tenisi Raketi Impression 3 Yýldýz ITTF Onaylý	280
masa-tenisi.html	27	MASA TENISI	Helix Masa Tenisi Raketi Hunter 4 Yýldýz ITTF Onaylý	420
masa-tenisi.html	28	MASA TENISI	Helix Masa Tenisi Raketi Axia 7 Yýldýz ITTF Onaylý	1660
masa-tenisi.html	29	MASA TENISI	Hyper Masa Tenisi Raket Seti TTR 5 Yýldýz	210
masa-tenisi.html	30	MASA TENISI	Helix Masa Tenisi Raket Seti Meteor 2 Yýldýz ITTF Onaylý	440
masa-tenisi.html	31	MASA TENISI	Reactor Masa Tenisi Raket Seti RTR-99 5 Yýldýz ITTF Onaylý	760
masa-tenisi.html	32	MASA TENISI	ADS10 ALTIS	110
masa-tenisi.html	33	MASA TENISI	ADS11 ALTIS	110
masa-tenisi.html	34	MASA TENISI	HDT55 HATTRICK	490
masa-tenisi.html	35	MASA TENISI	ADS14 ALTIS	320
masa-tenisi.html	36	MASA TENISI	ADS16 ALTIS	440
masa-tenisi.html	37	MASA TENISI	EVEREST 201A ALTIS	23820
masa-tenisi.html	38	MASA TENISI	Helix Masa Tenisi Masasý TMTF 16mm	22360
masa-tenisi.html	39	MASA TENISI	Helix Masa Tenisi Masasý Portatif TTB 12mm	13500
masa-tenisi.html	40	MASA TENISI	Helix Masa Tenisi Masasý 18mm TMTF Onaylý	23080
masa-tenisi.html	41	MASA TENISI	Giant Dragon Masa Tenisi Masasý Outdoor S7018 4mm	28000
masa-tenisi.html	42	MASA TENISI	Giant Dragon Masa Tenisi Masasý 25mm ITTF Onaylý	56990
masa-tenisi.html	43	MASA TENISI	Helix Masa Tenisi Aðdemir Seti Dürbün RN959	330
masa-tenisi.html	44	MASA TENISI	Helix Masa Tenisi Aðdemir Seti Dürbün RN942	330
masa-tenisi.html	45	MASA TENISI	Helix Masa Tenisi Aðdemir Seti Dürbün RN935	330
masa-tenisi.html	46	MASA TENISI	Helix Masa Tenisi Aðdemir Seti V200	620
masa-tenisi.html	47	MASA TENISI	Helix Masa Tenisi Aðdemir Seti V100	900
masa-tenisi.html	48	MASA TENISI	Helix Masa Tenisi Aðdemir Seti TTF-2	765
masa-tenisi.html	49	MASA TENISI	Helix Masa Tenisi Aðdemir Seti TN-200	430
masa-tenisi.html	50	MASA TENISI	Helix Masa Tenisi Aðdemir Seti B50	200
masa-tenisi.html	51	MASA TENISI	Giant Dragon Masa Tenisi Aðdemir Seti ITTF Onaylý	1550
tenis.html	1	TENIS	ATS19 HATTRICK	590
tenis.html	2	TENIS	ATS21 HATTRICK	620
tenis.html	3	TENIS	ATS23 HATTRICK	630
tenis.html	4	TENIS	ATS25 HATTRICK	640
tenis.html	5	TENIS	ATS26 HATTRICK	670
tenis.html	6	TENIS	ATS27 HATTRICK	670
tenis.html	7	TENIS	T101 21-23 HATTRICK	770
tenis.html	8	TENIS	T101 25-26 HATTRICK	790
tenis.html	9	TENIS	T202 L1-L2-L3 HATTRICK	790
tenis.html	10	TENIS	S900 S HATTRICK	1020
tenis.html	11	TENIS	"Helix Tenis Raketi Majesty ND 19&quot; L2 Grip"	800
tenis.html	12	TENIS	"Helix Tenis Raketi Majesty 19&quot; L2 Grip"	800
tenis.html	13	TENIS	"Helix Tenis Raketi Majesty 26&quot; L1 Grip"	850
tenis.html	14	TENIS	"Helix Tenis Raketi Majesty 23&#x27;&#x27;"	730
tenis.html	15	TENIS	"Helix Tenis Raketi Winner 25&#x27;&#x27; L2 Grip"	1130
tenis.html	16	TENIS	"Helix Tenis Raketi Winner 27&quot; L3 Grip"	1130
tenis.html	17	TENIS	"Helix Tenis Raketi Winner 27&quot; L2 Grip"	1130
tenis.html	18	TENIS	"Helix Tenis Raketi Winner 27&quot; L1 Grip"	1130
tenis.html	19	TENIS	"Helix Tenis Raketi Winner 26&quot; L2 Grip"	1130
tenis.html	20	TENIS	"Helix Tenis Raketi Winner 26&quot; L1 Grip"	1160
tenis.html	21	TENIS	"Helix Tenis Raketi Winner 26&quot; L0 Grip"	1160
tenis.html	22	TENIS	"Helix Tenis Raketi Winner 25&#x27;&#x27; L0 Grip"	1160
tenis.html	23	TENIS	"Helix Tenis Raketi TR01 25&#x27;&#x27;"	610
tenis.html	24	TENIS	"Helix Tenis Raketi Majesty 25&#x27;&#x27;"	750
tenis.html	25	TENIS	"Helix Tenis Raketi Majesty 21&#x27;&#x27;"	720
tenis.html	26	TENIS	"Helix Tenis Raketi Majesty 27&quot;"	760
tenis.html	27	TENIS	"Helix Tenis Raketi Invict 27&quot; L1 Grip"	2630
tenis.html	28	TENIS	"Helix Tenis Raketi Invict Carbon 27&quot; L3 Grip"	2630
tenis.html	29	TENIS	"Helix Tenis Raketi Invict Carbon 27&quot; L2 Grip"	2630
tenis.html	30	TENIS	"Helix Tenis Raketi Invict Carbon 26&quot; L2 Grip"	2630
tenis.html	31	TENIS	"Helix Tenis Raketi Invict Carbon 25&#x27;&#x27; L3 Grip"	2630
tenis.html	32	TENIS	"Helix Tenis Raketi Invict Carbon 27&quot; L1 Grip"	2730
tenis.html	33	TENIS	"Helix Tenis Raketi Invict Carbon 26&quot; L1 Grip"	2730
tenis.html	34	TENIS	"Helix Tenis Raketi Invict Carbon 25&#x27;&#x27; L0 Grip"	2730
tenis.html	35	TENIS	TP400 ALTIS	150
tenis.html	36	TENIS	TP450 ALTIS	150
tenis.html	37	TENIS	TP300 HATTRICK	220
tenis.html	38	TENIS	TP600 HATTRICK	220
tenis.html	39	TENIS	TP650 HATTRICK	230
tenis.html	40	TENIS	TP100PRO HATTRICK	400
tenis.html	41	TENIS	TP200 ALTIS	400
tenis.html	42	TENIS	Helix Tenis Topu Elastik Ýpli STB- 10	170
tenis.html	43	TENIS	"Helix Tenis Topu Profesyonel 3&#x27;lü TN-100 Antrenman"	200
tenis.html	44	TENIS	"Helix Tenis Topu Profesyonel 3&#x27;lü TN-1000 Müsabaka TTF&amp;ITF Onaylý"	220
tenis.html	45	TENIS	"Helix Tenis Topu Profesyonel 36&#x27;lý Antrenman ITF Onaylý"	2440
tenis.html	46	TENIS	"Helix Tenis Topu 9+ yaþ 3&#x27;lü HT- 100 Yeþil TTF&amp;ITF Onaylý"	200
tenis.html	47	TENIS	"Helix Tenis Topu 9+ yaþ 36&#x27;lý HT- 600 ITF Onaylý"	1940
tenis.html	48	TENIS	"Helix Tenis Topu 8+ yaþ 3&#x27;lü HT- 200 TTF&amp;ITF Onaylý"	200
tenis.html	49	TENIS	"Helix Tenis Topu 8+ yaþ 36&#x27;lý HT- 700 ITF Onaylý"	1940
tenis.html	50	TENIS	"Helix Tenis Topu 4-7 yaþ 3&#x27;lü HT- 300 TTF&amp;ITF Onaylý"	200
tenis.html	51	TENIS	"Helix Tenis Topu 4-7 yaþ 36&#x27;lý HT- 800 ITF Onaylý"	1940
tenis.html	52	TENIS	Helix Tenis Filesi TAF-1	2560
tenis.html	53	TENIS	Helix Tenis Filesi Müsabaka TAF- 2	6660
tenis.html	54	TENIS	Helix Tenis Filesi Standart N670T S	4280
tenis.html	55	TENIS	Helix Portatif Ayak Tenisi Filesi PT-6m	3170
tenis.html	56	TENIS	Helix Portatif Ayak Tenisi Filesi PT-3m	2060
tenis.html	57	TENIS	Helix Tenis Eteði TE-B	1090
tenis.html	58	TENIS	Helix Tenis Eteði TE-K	1090
tenis.html	59	TENIS	Helix Tenis Þortu TS-B	1090
tenis.html	60	TENIS	Helix Tenis Þortu TS-K	1090
tenis.html	61	TENIS	Helix Overgrip 60X BG60	2840
tenis.html	62	TENIS	Helix Overgrip BG3 Beyaz	180
tenis.html	63	TENIS	Helix Overgrip BG3 Siyah	180
tenis.html	64	TENIS	Helix Kafa Bandý	110
tenis.html	65	TENIS	Helix Tenis Bilek Bandý	160
tenis.html	66	TENIS	Helix Tenis Sepeti Metal TL110	1800
tenis.html	67	TENIS	Helix Top Taþýma Sepeti TL100	4080
tenis.html	68	TENIS	Helix Tenis Kordajý	250
tenis.html	69	TENIS	Helix Tenis Robotu	82570
tenis.html	70	TENIS	Helix Tenis Direði TD-100	6740
tenis.html	71	TENIS	Vinex Tenis Kortu Zemin Silindiri VTCFR-S100	16980
tenis.html	72	TENIS	Helix Tenis Kortu Portatif RP12-4	1110
tenis.html	73	TENIS	Helix Otomatik Top Toplayýcý T120	2460
tenis.html	74	TENIS	Helix Tenis Top Kovasý KV72	520
tenis.html	75	TENIS	Helix Tenis Topu Toplama Tüpü CL18	720
tenis.html	76	TENIS	Helix Tenis Topu Toplama Tüpü CL15	680
voleybol.html	1	VOLEYBOL	BV100 ALTIS	190
voleybol.html	2	VOLEYBOL	PROFINAL HATTRÝCK	330
voleybol.html	3	VOLEYBOL	PROSTAR HATTRICK	430
voleybol.html	4	VOLEYBOL	ALT350 HATTRICK	510
voleybol.html	5	VOLEYBOL	PROEVA 5000 HATTRICK	500
voleybol.html	6	VOLEYBOL	Helix Voleybol Topu Hygroscopic HV-10	610
voleybol.html	7	VOLEYBOL	Hyper Voleybol Topu V800	250
voleybol.html	8	VOLEYBOL	Helix Voleybol Topu Iþýklý VL-1	920
voleybol.html	9	VOLEYBOL	Helix Voleybol Topu Smaç Eðitim RTV-5	470
voleybol.html	10	VOLEYBOL	Helix Spike Mini Voleybol Topu	770
voleybol.html	11	VOLEYBOL	Helix Voleybol Topu Sante T500	380
voleybol.html	12	VOLEYBOL	Helix Voleybol Topu Rise	490
voleybol.html	13	VOLEYBOL	Helix Voleybol Topu Neon	620
voleybol.html	14	VOLEYBOL	Helix Voleybol Topu MPV-500	610
voleybol.html	15	VOLEYBOL	Helix Voleybol Topu Icon	810
voleybol.html	16	VOLEYBOL	Helix Voleybol Topu Hygroscopic L100	600
voleybol.html	17	VOLEYBOL	Helix Voleybol Topu Golden	710
voleybol.html	18	VOLEYBOL	Helix Voleybol Dizliði KP-100	540
voleybol.html	19	VOLEYBOL	Helix Voleybol Dizliði KPS-100	190
voleybol.html	20	VOLEYBOL	Helix Voleybol Anteni VA180	900
voleybol.html	21	VOLEYBOL	Helix Voleybol Filesi Antrenman	1700
voleybol.html	22	VOLEYBOL	VOLEYBOL TAKTÝK TAHTASI TK10V	170
voleybol.html	23	VOLEYBOL	VOLEYBOL TAKTÝK TAHTASI TK20V	170
yoga-pilates.html	1	YOGA PÝLATES	PÝLATES TOPU HB20 HATTRICK	100
yoga-pilates.html	2	YOGA PÝLATES	PÝLATES TOPU HB55 HATTRICK	400
yoga-pilates.html	3	YOGA PÝLATES	PÝLATES TOPU HB65 HATTRICK	410
yoga-pilates.html	4	YOGA PÝLATES	PÝLATES TOPU HB75 HATTRICK	490
yoga-pilates.html	5	YOGA PÝLATES	PÝLATES TOPU FISTIK HB90	400
yoga-pilates.html	6	YOGA PÝLATES	PÝLATES TOPU LASTÝKLÝ HB70	450
yoga-pilates.html	7	YOGA PÝLATES	BOSUBALL BL30 HATTRICK	2210
yoga-pilates.html	8	YOGA PÝLATES	PÝLATES TOPU POMPASI EP31	70
yoga-pilates.html	9	YOGA PÝLATES	PÝLATES ÇEMBERÝ PR10 HATTRICK	330
yoga-pilates.html	10	YOGA PÝLATES	YOGA BLOÐU HR20	150
yoga-pilates.html	11	YOGA PÝLATES	PÝLATES BANDI LB10	150
yoga-pilates.html	12	YOGA PÝLATES	PÝLATES BANDI DL50	80
yoga-pilates.html	13	YOGA PÝLATES	DÝRENÇ LASTÝÐÝ SPS10	130
yoga-pilates.html	14	YOGA PÝLATES	DÝRENÇ LASTÝÐÝ GB35	170
yoga-pilates.html	15	YOGA PÝLATES	YOGA ROLLER HR10	420
yoga-pilates.html	16	YOGA PÝLATES	MAT HM60 HATTRICK	400
yoga-pilates.html	17	YOGA PÝLATES	MAT HM58 HATTRICK	440
yoga-pilates.html	18	YOGA PÝLATES	MAT EM30 HATTRICK	490
yoga-pilates.html	19	YOGA PÝLATES	MAT SPU183 LÝFEFIT	490
yoga-pilates.html	20	YOGA PÝLATES	MAT HM61 HATTRICK	660
yoga-pilates.html	21	YOGA PÝLATES	MAT HM50 HATTRICK	660
yoga-pilates.html	22	YOGA PÝLATES	MAT EM10 HATTRICK	680
yoga-pilates.html	23	YOGA PÝLATES	"Helix Pilates Bandý 3&#x27;lü 120 cm"	250
yoga-pilates.html	24	YOGA PÝLATES	Helix Pilates Bandý PB-35mm	70
yoga-pilates.html	25	YOGA PÝLATES	Helix Pilates Bandý Rulo RPB- 35mm	2130
yoga-pilates.html	26	YOGA PÝLATES	Helix Pilates Bandý Rulo RPB- 25mm	1680
yoga-pilates.html	27	YOGA PÝLATES	Helix Pilates Bandý Rulo RPB- 45mm	2750
yoga-pilates.html	28	YOGA PÝLATES	Helix Pilates Bandý PB-50	90
yoga-pilates.html	29	YOGA PÝLATES	Helix Pilates Bandý PB-40	90
yoga-pilates.html	30	YOGA PÝLATES	Helix Pilates Bandý PB-30	90
yoga-pilates.html	31	YOGA PÝLATES	"Helix Pilates Bandý PB-90cm 3&#x27;lü"	190
yoga-pilates.html	32	YOGA PÝLATES	"Helix Pilates Bandý PBS-150cm 3&#x27;lü"	310
yoga-pilates.html	33	YOGA PÝLATES	Helix Yoga Hamak YH991	2650
yoga-pilates.html	34	YOGA PÝLATES	Helix Yoga Diz ve Dirsek Pedi YK- 1	500
yoga-pilates.html	35	YOGA PÝLATES	Helix Pilates Çemberi PR-40 Pembe	290
yoga-pilates.html	36	YOGA PÝLATES	Helix Pilates Çemberi PR-40 Mavi	290
yoga-pilates.html	37	YOGA PÝLATES	Helix Pilates Matý TPE-100 Mor	820
yoga-pilates.html	38	YOGA PÝLATES	Helix Pilates Matý TPE-200 Pembe	820
yoga-pilates.html	39	YOGA PÝLATES	Helix Pilates Matý TPE-300 Yeþil	780
yoga-pilates.html	40	YOGA PÝLATES	Helix Pilates Matý PM-65 Gri	130
yoga-pilates.html	41	YOGA PÝLATES	Helix Pilates Topu BS 20cm	100
yoga-pilates.html	42	YOGA PÝLATES	Helix Pilates Topu BS 25cm	130
yoga-pilates.html	43	YOGA PÝLATES	Helix Pilates Topu PT 75cm	510
yoga-pilates.html	44	YOGA PÝLATES	Helix Pilates Topu PT 65cm	490
yoga-pilates.html	45	YOGA PÝLATES	Helix Pilates Topu PT 55cm	510
yoga-pilates.html	46	YOGA PÝLATES	Helix Yoga Matý NBR 10mm	480
yoga-pilates.html	47	YOGA PÝLATES	Helix Yoga Matý PVC 4mm	340
yoga-pilates.html	48	YOGA PÝLATES	Helix Yoga Matý NBR 16mm	640
yoga-pilates.html	49	YOGA PÝLATES	Helix Roller EFR-2 Pembe/Mor	260
yoga-pilates.html	50	YOGA PÝLATES	Helix Roller EFR-1 Mavi/Turuncu	260
yoga-pilates.html	51	YOGA PÝLATES	Helix Step Tahtasý Aerobik SP-2B	1930
yoga-pilates.html	52	YOGA PÝLATES	Helix Step Tahtasý Aerobik SP-2Y	1930
yoga-pilates.html	53	YOGA PÝLATES	Helix Step Tahtasý SB-15	800
yoga-pilates.html	54	YOGA PÝLATES	Helix Yoga Bloðu YBK-5	140
yoga-pilates.html	55	YOGA PÝLATES	Helix Yoga Bloðu YBK-1	140
yoga-pilates.html	56	YOGA PÝLATES	Helix Yoga Bloðu YBK-2	140
yoga-pilates.html	57	YOGA PÝLATES	Helix Yoga Bloðu YBK-3	140
yoga-pilates.html	58	YOGA PÝLATES	Helix Yoga Bloðu YBK-4	140
yuzme.html	1	YÜZME	ADG23 HATTRICK	190
yuzme.html	2	YÜZME	Helix Yüzme Antrenman Paraþütü SEB-2	1280
yuzme.html	3	YÜZME	Helix Þnorkel Seti JAS100	920
yuzme.html	4	YÜZME	Helix Þnorkel Seti AS150	1290
yuzme.html	5	YÜZME	ADG26 HATTRICK	210
yuzme.html	6	YÜZME	ADG27 HATTRICK	210
yuzme.html	7	YÜZME	HDG25 HATTRICK	440
yuzme.html	8	YÜZME	ADG25 HATTRICK	330
yuzme.html	9	YÜZME	HATTRICK HDG 26-31	410
yuzme.html	10	YÜZME	HDG 32-37 HATTRICK ÇOCUK	410
yuzme.html	11	YÜZME	SU ALTI KEÞÝF MASKESÝ HYS30	630
yuzme.html	12	YÜZME	LATEKS BONE SCF09	50
yuzme.html	13	YÜZME	SÝLÝKON BONE SCF17	110
yuzme.html	14	YÜZME	Helix Yüzücü Bonesi Likralý LYB	30
yuzme.html	15	YÜZME	Helix Yüzücü Bonesi YB	120
yuzme.html	16	YÜZME	Helix Yüzücü Bonesi YB-33	60
yuzme.html	17	YÜZME	Helix Yüzücü Bonesi YB-58	120
yuzme.html	18	YÜZME	Helix Yüzücü Bonesi YB-70	110
yuzme.html	19	YÜZME	Helix Yüzücü Bonesi YB-90	140
yuzme.html	20	YÜZME	Helix El Paleti HP04 Small	220
yuzme.html	21	YÜZME	Helix El Paleti HP05 Ayarlanabilir	410
yuzme.html	22	YÜZME	Helix El Paleti HP04 Medium	220
yuzme.html	23	YÜZME	Helix Yüzücü Paleti PF45	1200
yuzme.html	24	YÜZME	Helix Yüzücü Paleti PF40	1160
yuzme.html	25	YÜZME	Helix Yüzücü Paleti PF35	970
yuzme.html	26	YÜZME	Helix Yüzme Tahtasý Pullboy PB3	230
yuzme.html	27	YÜZME	Helix Yüzme Tahtasý Pullboy PB4	230
yuzme.html	28	YÜZME	Helix Yüzme Tahtasý Pullboy PB2	230
yuzme.html	29	YÜZME	Helix Yüzme Tahtasý Pullboy PB1	230
yuzme.html	30	YÜZME	Helix Yüzme Tahtasý YTB	130
yuzme.html	31	YÜZME	Helix Yüzme Tahtasý YTA	290
yuzme.html	32	YÜZME	Helix Hizalama Tahtasý PHT	440
yuzme.html	33	YÜZME	Helix Yüzme Makarnasý YM-150	40
yuzme.html	34	YÜZME	Helix Yüzücü Gözlüðü Çocuk 1900P	300
yuzme.html	35	YÜZME	Helix Yüzücü Gözlüðü Yetiþkin AGM-01	520
yuzme.html	36	YÜZME	Helix Yüzücü Gözlüðü Yetiþkin BG100	640
yuzme.html	37	YÜZME	Helix Yüzücü Gözlüðü Genç BKG80-B	570
yuzme.html	38	YÜZME	Helix Yüzücü Gözlüðü Genç BKG80-P	570
yuzme.html	39	YÜZME	Helix Yüzücü Gözlüðü Çocuk 1900C	280
yuzme.html	40	YÜZME	Helix Yüzücü Gözlüðü Genç KG20	360
yuzme.html	41	YÜZME	Helix Yüzücü Gözlüðü Genç KG25	380
yuzme.html	42	YÜZME	Helix Yüzücü Gözlüðü Çocuk 1900B	300
yuzme.html	43	YÜZME	Helix Yüzücü Gözlüðü Çocuk 1900DB	300
yuzme.html	44	YÜZME	Helix Yüzücü Gözlüðü Çocuk 1900PK	300
yuzme.html	45	YÜZME	Helix Yüzücü Gözlüðü Yetiþkin AG05	470
