"Dosya	Sira	Kategori	Urun Adi	Fiyat"	
"atletizm.html	1	ATLETÝZM	Helix Atlama Engeli Ayarlanabilir MK-890D	"	1030
"atletizm.html	2	ATLETÝZM	Helix Atlama Engeli HAE-1	"	2280
"atletizm.html	3	ATLETÝZM	Helix Atletizm Çýkýþ Takozu Atletizm HSB-7	"	3950
"atletizm.html	4	ATLETÝZM	Helix Cirit Javelin 400gr	"	860
"atletizm.html	5	ATLETÝZM	Helix Cirit Javelin 500gr	"	910
"atletizm.html	6	ATLETÝZM	Helix Cirit Köpük FC-4	"	330
"atletizm.html	7	ATLETÝZM	Helix Disk DSC-1000 1kg	"	750
"atletizm.html	8	ATLETÝZM	Helix Disk DSC-1500 1.5kg	"	910
"atletizm.html	9	ATLETÝZM	Helix Disk DSC-2000 2kg	"	920
"atletizm.html	10	ATLETÝZM	Helix Disk DSC-750 750gr	"	700
"atletizm.html	11	ATLETÝZM	Helix Fýrlatma Topu LB 200gr	"	360
"atletizm.html	12	ATLETÝZM	Helix Fýrlatma Topu LB 80gr	"	210
"atletizm.html	13	ATLETÝZM	Helix Gülle G-3 3kg	"	620
"atletizm.html	14	ATLETÝZM	Helix Gülle G-4 4kg	"	820
"atletizm.html	15	ATLETÝZM	Helix Gülle G-5 5kg	"	1030
"atletizm.html	16	ATLETÝZM	Helix Gülle G-6 6kg	"	1230
"atletizm.html	17	ATLETÝZM	Helix Gülle G-7 7,26kg	"	1440
"atletizm.html	18	ATLETÝZM	Helix Çekiç HMR-3 3kg	"	2750
"atletizm.html	19	ATLETÝZM	Helix Çekiç HMR-5 5kg	"	3330
"atletizm.html	20	ATLETÝZM	Vinex Atlama Engeli Ahþap VTWB-100 WA Onaylý	"	34500
"atletizm.html	21	ATLETÝZM	Vinex Atlama Engeli VSH-111A	"	4350
"atletizm.html	22	ATLETÝZM	Vinex Atlama Engeli VSH-222HG WA Onaylý	"	6430
"atletizm.html	23	ATLETÝZM	Vinex Atlama Engeli VSH-SPBL	"	590
"atletizm.html	24	ATLETÝZM	Vinex Atma Çemberi Gülle Çekiç DSHC-SPA10	"	22950
"atletizm.html	25	ATLETÝZM	Vinex Cirit Aero javelin 400gr	"	2780
"atletizm.html	26	ATLETÝZM	Vinex Cirit Aero javelin 800gr	"	3940
"atletizm.html	27	ATLETÝZM	Vinex Cirit JAL-50040 500gr WA Onaylý	"	6250
"atletizm.html	28	ATLETÝZM	Vinex Cirit JAL-CH600 600gr WA Onaylý	"	4640
"atletizm.html	29	ATLETÝZM	Vinex Cirit JAL-CH700 700gr WA Onaylý	"	4840
"atletizm.html	30	ATLETÝZM	Vinex Cirit JAL-CH800 800gr WA Onaylý	"	5650
"atletizm.html	31	ATLETÝZM	Vinex Disk DCS-S10 1kg	"	1080
"atletizm.html	32	ATLETÝZM	Vinex Disk DCS-S15 1.5kg	"	1330
"atletizm.html	33	ATLETÝZM	Vinex Disk DCS-S17 1.75kg	"	1470
"atletizm.html	34	ATLETÝZM	Vinex Disk DCS-S20 2kg	"	1680
"atletizm.html	35	ATLETÝZM	Vinex Disk DSG-P10 1kg WA Onaylý	"	1440
"atletizm.html	36	ATLETÝZM	Vinex Disk DSG-P15 1.5kg WA Onaylý	"	1720
"atletizm.html	37	ATLETÝZM	Vinex Disk DSG-P17 1.75kg WA Onaylý	"	1880
"atletizm.html	38	ATLETÝZM	Vinex Disk DSG-P20 2kg WA Onaylý	"	2100
"atletizm.html	39	ATLETÝZM	Vinex Disk DSG-P75 0.75kg WA Onaylý	"	1320
"atletizm.html	40	ATLETÝZM	Vinex Disk Kauçuk DRB-100 1kg	"	240
"atletizm.html	41	ATLETÝZM	Vinex Disk Kauçuk DRB-150 1.5kg	"	270
"atletizm.html	42	ATLETÝZM	Vinex Disk Kauçuk DRB-175 1.75kg	"	310
"atletizm.html	43	ATLETÝZM	Vinex Disk Kauçuk DRB-200 2kg	"	350
"atletizm.html	44	ATLETÝZM	Vinex Engel Taþýma Arabasý VSH999-CLC20	"	28990
"atletizm.html	45	ATLETÝZM	Vinex Eðitim Çekici HEV-350gr	"	560
"atletizm.html	46	ATLETÝZM	Vinex Eðitim Çekici HEV-400gr	"	580
"atletizm.html	47	ATLETÝZM	Vinex Eðitim Çekici HEV-500gr	"	610
"atletizm.html	48	ATLETÝZM	Vinex Fýrlatma Topu JBP 800gr	"	410
"atletizm.html	49	ATLETÝZM	Vinex Fýrlatma Topu PVC ISP-80SWR 80gr	"	570
"atletizm.html	50	ATLETÝZM	Vinex Gülle Antrenman VSP-380 2kg	"	1240
"atletizm.html	51	ATLETÝZM	Vinex Gülle VSP-300 4kg WA Onaylý	"	1950
"atletizm.html	52	ATLETÝZM	Vinex Gülle VSP-300C 3kg WA Onaylý	"	1490
"atletizm.html	53	ATLETÝZM	Vinex Gülle VSP-315A 5kg WA Onaylý	"	1970
"atletizm.html	54	ATLETÝZM	Vinex Gülle VSP-320 7.26kg WA Onaylý	"	2400
"atletizm.html	55	ATLETÝZM	Vinex Gülle VSP-325B 6kg WA Onaylý	"	2440
"atletizm.html	56	ATLETÝZM	Vinex Stafet RBA-S08 WA Onaylý	"	1490
"atletizm.html	57	ATLETÝZM	Vinex Stafet Seti RBP-S08	"	770
"atletizm.html	58	ATLETÝZM	Vinex Sýrýkla Atlama Minderi VPVP-700 600x800x80cm WA Onaylý	"	1140000
"atletizm.html	59	ATLETÝZM	Vinex Sýrýkla Atlama Standý PVS-CPTA WA Onaylý	"	84720
"atletizm.html	60	ATLETÝZM	Vinex Sýrýkla Yüksek Atlama Çýtasý 450cm	"	2360
"atletizm.html	61	ATLETÝZM	Vinex Sýrýkla Yüksek Atlama Çýtasý VFG-C45 450cm WA Onaylý	"	3780
"atletizm.html	62	ATLETÝZM	Vinex Yüksek Atlama Standý HJS-S01 WA Onaylý	"	47910
"atletizm.html	63	ATLETÝZM	Vinex Yüksek Atlama Standý HJS-XXX WA Onaylý	"	12280
"atletizm.html	64	ATLETÝZM	Vinex Yüksek Atlama Çubuðu CBA-S44 400cm	"	3690
"atletizm.html	65	ATLETÝZM	Vinex Yüksek Atlama Çubuðu VFG-C4 400cm WA Onaylý	"	3690
"atletizm.html	66	ATLETÝZM	Vinex Yüzük PVC VTR-S66	"	300
"atletizm.html	67	ATLETÝZM	Vinex Çekiç Antrenman HVE-300 3kg	"	1590
"atletizm.html	68	ATLETÝZM	Vinex Çekiç Antrenman HVE-400 4kg	"	1790
"atletizm.html	69	ATLETÝZM	Vinex Çekiç Antrenman HVE-500 5kg	"	2150
"atletizm.html	70	ATLETÝZM	Vinex Çekiç Antrenman HVE-600 6kg	"	2200
"atletizm.html	71	ATLETÝZM	Vinex Çekiç Antrenman HVE-726 7.26kg	"	2450
"atletizm.html	72	ATLETÝZM	Vinex Çekiç Arabasý Standý VHC-S18	"	7740
"atletizm.html	73	ATLETÝZM	Vinex Çekiç Demir HVI-300 3kg WA Onaylý	"	2160
"atletizm.html	74	ATLETÝZM	Vinex Çekiç Demir HVI-400 4kg WA Onaylý	"	2450
"atletizm.html	75	ATLETÝZM	Vinex Çekiç Demir HVI-500 5kg WA Onaylý	"	2370
"atletizm.html	76	ATLETÝZM	Vinex Çekiç Demir HVI-600 6kg WA Onaylý	"	2690
"atletizm.html	77	ATLETÝZM	Vinex Çekiç Demir HVI-726 7.26kg WA Onaylý	"	4100
"atletizm.html	78	ATLETÝZM	Vinex Çekiç HHV-102 WA Onaylý	"	510
"atletizm.html	79	ATLETÝZM	Vinex Çekiç HWG-100 WA Onaylý	"	150
"atletizm.html	80	ATLETÝZM	Vinex Çýkýþ Takozu Taþýma Arabasý VSB-CP10	"	24600
"atletizm.html	81	ATLETÝZM	Vinex Çýkýþ Takozu VSB-01B WA Onaylý	"	7070
"atletizm.html	82	ATLETÝZM	Vinex Çýkýþ Takozu VSB-02	"	4790
"atletizm.html	83	ATLETÝZM	Vinex Þerit Metre Open Reel MST-OR 30m	"	1160
"beyzbol.html	1	BEYZBOL	Helix Beyzbol Atýþ Makinasý Topu AB-9	"	400
"beyzbol.html	2	BEYZBOL	Helix Beyzbol Topu MB-9 TRF Onaylý	"	440
"cimnastik-malzemeleri.html	1	CÝMNASTÝK MALZEMELERÝ	Firefly Cimnastik Halkasý GR-10	"	1480
"cimnastik-malzemeleri.html	2	CÝMNASTÝK MALZEMELERÝ	Firefly Cimnastik Halkasý Müsabaka GR-20	"	2680
"cimnastik-malzemeleri.html	3	CÝMNASTÝK MALZEMELERÝ	Firefly Cimnastik Halkasý Yarýþma GR-30	"	2860
"cimnastik-malzemeleri.html	4	CÝMNASTÝK MALZEMELERÝ	Firefly Okul Parkuru SP100	"	407000
"cimnastik-malzemeleri.html	5	CÝMNASTÝK MALZEMELERÝ	Helix Amut Þýnav Barý ASB-2 40cm	"	750
"cimnastik-malzemeleri.html	6	CÝMNASTÝK MALZEMELERÝ	Helix Amut Þýnav Barý ASB-70 70cm	"	1490
"cimnastik-malzemeleri.html	7	CÝMNASTÝK MALZEMELERÝ	Helix Magnezyum Tozu Standý MGR-1	"	3040
"cimnastik-malzemeleri.html	8	CÝMNASTÝK MALZEMELERÝ	Helix Magnezyum Tozu Standý MGR-2	"	3040
"cimnastik-malzemeleri.html	9	CÝMNASTÝK MALZEMELERÝ	Helix Pliometrik Zýplama Sehpasý 50 Cm	"	6300
"cimnastik.html	1	CÝMNASTÝK	Firefly Bataklýk Minderi 100x200x10cm	"	5700
"cimnastik.html	2	CÝMNASTÝK	Firefly Cimnastik Minderi Air Track ATG-10 1000x200x20cm	"	47470
"cimnastik.html	3	CÝMNASTÝK	Firefly Cimnastik Minderi Air Track ATG-2 200x100x10cm	"	7380
"cimnastik.html	4	CÝMNASTÝK	Firefly Cimnastik Minderi Air Track ATG-4 400x200x10cm	"	17460
"cimnastik.html	5	CÝMNASTÝK	Firefly Cimnastik Minderi Air Track ATG-6 600x200x20cm	"	33210
"cimnastik.html	6	CÝMNASTÝK	Firefly Cimnastik Minderi Air Track ATG-8 800x200x20cm	"	40100
"cimnastik.html	7	CÝMNASTÝK	Firefly Cimnastik Minderi GM-100 100x200x5cm	"	3200
"cimnastik.html	8	CÝMNASTÝK	Firefly D Minder 100x65x65cm	"	2740
"cimnastik.html	9	CÝMNASTÝK	Firefly Flik Flak Minder FFM-2 100x70x70cm	"	8460
"cimnastik.html	10	CÝMNASTÝK	Firefly Köprü Minder KM-150 150x40x50cm	"	4630
"cimnastik.html	11	CÝMNASTÝK	Firefly Merdiven Minder CS-140 114x70x72	"	6320
"cimnastik.html	12	CÝMNASTÝK	Firefly Silindir Minder SM-70 50x70cm	"	3110
"cimnastik.html	13	CÝMNASTÝK	Firefly Silindir Tünel Minder 60x60cm	"	2800
"cimnastik.html	14	CÝMNASTÝK	Firefly T Minder TM-80 100x80x20cm	"	3920
"cimnastik.html	15	CÝMNASTÝK	Firefly Týrtýl Minder 200x25x20cm	"	2780
"cimnastik.html	16	CÝMNASTÝK	Firefly Üçgen Minder TC-40 100x100x40cm	"	4920
"cimnastik.html	17	CÝMNASTÝK	Firefly Yükseltilmiþ Rampa Minderi 150x60x60cm	"	8050
"cimnastik.html	18	CÝMNASTÝK	Firefly Zýplama Rampa Minderi	"	2530
"cimnastik.html	19	CÝMNASTÝK	Helix Tatami Minderi TM-26 MK100x100x2.6cm	"	440
"dart.html	1	DART	Hatrrick Dart Oku 18 GR	"	150
"dart.html	2	DART	Hatrrick Dart Oku 20 GR	"	150
"dart.html	3	DART	Hatrrick Dart Oku 22 GR	"	150
"dart.html	4	DART	Hatrrick Dart Oku 24 GR	"	150
"dart.html	5	DART	Helix Damla Model Dart Arkalýk	"	1500
"dart.html	6	DART	Helix Dart Kanat Delgeci - Beyaz	"	350
"dart.html	7	DART	Helix Dart Kanat Delgeci - Kýrmýzý	"	350
"dart.html	8	DART	Helix Dart Kanat Delgeci - Siyah	"	350
"dart.html	9	DART	Helix Dart Kanat Delgeci - Yeþil	"	350
"dart.html	10	DART	Helix Dart Oku 3'lü DO-18	"	150
"dart.html	11	DART	Helix Dart Oku 3'lü DO-20	"	150
"dart.html	12	DART	Helix Dart Oku 3'lü DO-22	"	150
"dart.html	13	DART	Helix Dart Oku 3'lü DO-24	"	150
"dart.html	14	DART	Helix Dart Oku Kanadý 3'lü DW-2	"	60
"dart.html	15	DART	Helix Dart Tahtasý Aydýnlatma	"	2750
"dart.html	16	DART	Helix Dart Tahtasý DBE-17	"	320
"dart.html	17	DART	Helix Dart Tahtasý DBKA-18	"	640
"dart.html	18	DART	Helix Dart Tahtasý DBKB-18	"	570
"dart.html	19	DART	Helix Dart Tahtasý DBSA-30 WDF Onaylý	"	2750
"dart.html	20	DART	Helix Dart Tahtasý DBSB-20	"	1450
"dart.html	21	DART	Helix Dart Tripod Ayaðý DA-3	"	2860
"dart.html	22	DART	Helix Dart Çantasý	"	510
"dart.html	23	DART	Helix Ok Ucu Deðiþtirme Aleti	"	2860
"dovus-sporlari.html	1	DÖVÜÞ SPORLARI	BBS10 HATTRICK	"	190
"dovus-sporlari.html	2	DÖVÜÞ SPORLARI	CHAMPION HATTRICK	"	1310
"dovus-sporlari.html	3	DÖVÜÞ SPORLARI	INVICTUS KING HATTRICK 1	"	11310
"dovus-sporlari.html	4	DÖVÜÞ SPORLARI	INVICTUS KING HATTRICK	"	11310
"dovus-sporlari.html	5	DÖVÜÞ SPORLARI	Raptor Antrenman Mankeni TRM-10 Mavi	"	21900
"dovus-sporlari.html	6	DÖVÜÞ SPORLARI	Raptor Antrenman Mankeni TRM-20 Kýrmýzý	"	21900
"dovus-sporlari.html	7	DÖVÜÞ SPORLARI	Raptor Antrenman Mankeni TRM-30 Kýrmýzý	"	17300
"dovus-sporlari.html	8	DÖVÜÞ SPORLARI	Raptor Antrenman Mankeni TRM-40 Mavi	"	17300
"dovus-sporlari.html	9	DÖVÜÞ SPORLARI	Raptor Ayak Üstü Korumasý Teakwondo - RPL	"	600
"dovus-sporlari.html	10	DÖVÜÞ SPORLARI	Raptor Açýk Kask Kickboks Kafa Koruyucu HG Kýrmýzý	"	1290
"dovus-sporlari.html	11	DÖVÜÞ SPORLARI	Raptor Açýk Kask NVL - Beyaz	"	1400
"dovus-sporlari.html	12	DÖVÜÞ SPORLARI	Raptor Boks Bandajý HWB-B 3.5m Siyah	"	260
"dovus-sporlari.html	13	DÖVÜÞ SPORLARI	Raptor Boks Bandajý HWB-BL 3.5m Mavi	"	260
"dovus-sporlari.html	14	DÖVÜÞ SPORLARI	Raptor Boks Bandajý HWB-R 3.5m Kýrmýzý	"	260
"dovus-sporlari.html	15	DÖVÜÞ SPORLARI	Raptor Boks Diþliði BD-16	"	180
"dovus-sporlari.html	16	DÖVÜÞ SPORLARI	Raptor Boks Eldiveni BBG	"	1640
"dovus-sporlari.html	17	DÖVÜÞ SPORLARI	Raptor Boks Ellik Lapa BFP Kýrmýzý	"	1640
"dovus-sporlari.html	18	DÖVÜÞ SPORLARI	Raptor Boks Ellik Lapa BFP Siyah	"	1640
"dovus-sporlari.html	19	DÖVÜÞ SPORLARI	Raptor Boks Standý BX Kýrmýzý	"	9250
"dovus-sporlari.html	20	DÖVÜÞ SPORLARI	Raptor Boks Torbasý Armut BT1239	"	3350
"dovus-sporlari.html	21	DÖVÜÞ SPORLARI	Raptor Boks Torbasý BT1236 90x30cm	"	2170
"dovus-sporlari.html	22	DÖVÜÞ SPORLARI	Raptor Boks Torbasý BT1237 100x30cm	"	2410
"dovus-sporlari.html	23	DÖVÜÞ SPORLARI	Raptor Eðri Darbe Yastýðý 3736	"	1640
"dovus-sporlari.html	24	DÖVÜÞ SPORLARI	Raptor Göðüs Koruyucu Muay Thai Kadýn - NVL	"	820
"dovus-sporlari.html	25	DÖVÜÞ SPORLARI	Raptor Göðüs Koruyucu Taekvando Selfguard	"	820
"dovus-sporlari.html	26	DÖVÜÞ SPORLARI	Raptor Kapalý Kask Kýrmýzý - HG	"	1880
"dovus-sporlari.html	27	DÖVÜÞ SPORLARI	Raptor Kapalý Kask Mavi - CHG	"	1880
"dovus-sporlari.html	28	DÖVÜÞ SPORLARI	Raptor Kaval Koruyucu Kyokushin Beyaz - SPR	"	600
"dovus-sporlari.html	29	DÖVÜÞ SPORLARI	Raptor Kaval Koruyucu Muay Thai - RPL	"	2000
"dovus-sporlari.html	30	DÖVÜÞ SPORLARI	Raptor Kaval Koruyucu Muay Thai Kýrmýzý - SPR	"	600
"dovus-sporlari.html	31	DÖVÜÞ SPORLARI	Raptor Kaval Koruyucu Muay Thai Mavi - SPR	"	600
"dovus-sporlari.html	32	DÖVÜÞ SPORLARI	Raptor Kaval Koruyucu Muay Thai Siyah - MVL	"	660
"dovus-sporlari.html	33	DÖVÜÞ SPORLARI	Raptor Kol ve Kaval Koruyucu Tekvando - ALG	"	940
"dovus-sporlari.html	34	DÖVÜÞ SPORLARI	Raptor Kuki LGG Kadýn	"	450
"dovus-sporlari.html	35	DÖVÜÞ SPORLARI	Raptor Kuki NVL Erkek	"	450
"dovus-sporlari.html	36	DÖVÜÞ SPORLARI	Raptor Raket Ellik RDR	"	820
"dovus-sporlari.html	37	DÖVÜÞ SPORLARI	Raptor Tekvando Eldiveni NVL	"	600
"fitness-aletleri.html	7	FITNESS ALETLERÝ	Vortex Mag Grip Seti MGA-5	"	
"hokey-ekipmanlari.html	1	HOKEY EKÝPMANLARI	Brabo Kaleci Çantasý Tekerlekli	"	8830
"hokey-ekipmanlari.html	2	HOKEY EKÝPMANLARI	Helix Hokey Taktik Tahtasý HTT-10 32×42cm	"	530
"hokey-sopalari.html	1	HOKEY SOPALARI	Helix Hokey Sopasý Blizzard Siyah 36.5	"	7750
"hokey-sopalari.html	2	HOKEY SOPALARI	Helix Hokey Sopasý Blizzard YeþilBeyaz 36.5	"	7750
"hokey-sopalari.html	3	HOKEY SOPALARI	Helix Hokey Sopasý Rush Beyaz 36.5	"	8070
"hokey-sopalari.html	4	HOKEY SOPALARI	Helix Hokey Sopasý Rush Siyah 36.5	"	8070
"hokey-sopalari.html	5	HOKEY SOPALARI	Helix Hokey Sopasý Tornado Siyah 36.5	"	8060
"hokey.html	1	HOKEY	Helix Hokey Ýpli Antrenman Topu Beyaz	"	470
"hokey.html	2	HOKEY	Helix Hokey Ýpli Antrenman Topu Pembe	"	470
"hokey.html	3	HOKEY	Helix Hokey Ýpli Antrenman Topu Sarý	"	470
"hokey.html	4	HOKEY	Helix Hokey Ýpli Antrenman Topu Yeþil	"	470
"hokey.html	5	HOKEY	Helix Hokey Topu Indoor 6'lý Beyaz	"	1310
"hokey.html	6	HOKEY	Helix Hokey Topu Indoor 6'lý Sarý	"	1310
"hokey.html	7	HOKEY	Helix Hokey Topu Indoor 6'lý Turuncu	"	1310
"hokey.html	8	HOKEY	Helix Hokey Topu Match 6 'lý Beyaz	"	4240
"hokey.html	9	HOKEY	Helix Hokey Topu Match 6 'lý Sarý	"	4240
"hokey.html	10	HOKEY	Helix Hokey Topu Match 6 'lý Turuncu	"	4240
"hokey.html	11	HOKEY	Helix Hokey Topu Prime 1 Outdoor 6'lý Beyaz	"	1480
"hokey.html	12	HOKEY	Helix Hokey Topu Prime 1 Outdoor 6'lý Turuncu	"	1480
"hokey.html	13	HOKEY	Helix Hokey Topu Prime 2 Outdoor 6'lý Beyaz	"	1010
"hokey.html	14	HOKEY	Helix Hokey Topu Prime 2 Outdoor 6'lý Sarý	"	1010
"hokey.html	15	HOKEY	Helix Hokey Topu Prime 2 Outdoor 6'lý Turuncu	"	1010
"kano.html	1	KANO	Helix SUP Þiþme Kürek Sörfü PLB 10'6''	"	14510
"kano.html	2	KANO	Helix SUP Þiþme Kürek Sörfü PLB 11''	"	14510
"kasklar.html	1	KASKLAR	Helix Kask	"	770
"kasklar.html	2	KASKLAR	Helix WX-13 Kask	"	660
"kasklar.html	3	KASKLAR	Helix WX-13 Kask 1	"	660
"kasklar.html	4	KASKLAR	Helix WX-13 Kask2	"	660
"kaykay.html	1	KAYKAY	Helix Kaykay KA-8 78x20cm	"	980
"kaykay.html	2	KAYKAY	Helix Kaykay KB-8 78x20cm	"	980
"oryantiring.html	1	ORYANTÝRÝNG	Helix El Pusula OC-50	"	330
"oryantiring.html	2	ORYANTÝRÝNG	Helix Hedef Bayraðý HB 15x15cm	"	330
"oryantiring.html	3	ORYANTÝRÝNG	Helix Hedef Bayraðý HB 30x30cm	"	380
"oryantiring.html	4	ORYANTÝRÝNG	Helix Oryantiring Zýmbasý OP-100 10'lu	"	2220
"oryantiring.html	5	ORYANTÝRÝNG	Helix Pusula Parmak OC-100	"	360
"oyun-grubu.html	1	OYUN GRUBU	Helix Balon Multicolor CB 100'lü	"	140
"oyun-grubu.html	2	OYUN GRUBU	Helix Frizbi FZ-8	"	35
"oyun-grubu.html	3	OYUN GRUBU	Helix Oyun Brandasý Beyaz WPT-10	"	1170
"oyun-grubu.html	4	OYUN GRUBU	Helix Oyun Brandasý Seksek SOB-120	"	1030
"oyun-grubu.html	5	OYUN GRUBU	Helix Trambolin Kýsa Fileli HTS 55  Turuncu	"	5640
"oyun-grubu.html	6	OYUN GRUBU	Helix Trambolin Kýsa Fileli HTS 55 Mavi	"	4670
"oyun-grubu.html	7	OYUN GRUBU	Helix Trambolin Uzun Fileli HTL 55 Kýrmýzý	"	4660
"oyun-grubu.html	8	OYUN GRUBU	Helix Zýp Zýp Top JB	"	310
"oyun-grubu.html	9	OYUN GRUBU	Helix Çocuk Paraþüt AP-8	"	2300
"oyun-grubu.html	10	OYUN GRUBU	Helix Çocuk Zýplama Çuvalý JC-70	"	400
"padel.html	1	PADEL	Helix Padel Raket Fiber FPD-10	"	3450
"padel.html	2	PADEL	Helix Padel Raket Karbon CPD-20	"	4230
"padel.html	3	PADEL	Helix Padel Raket Karbon Fiber PDL-10	"	3930
"padel.html	4	PADEL	Helix Padel Topu PBBX-3	"	300
"paten.html	1	PATEN	Helix Paten - Pembe	"	2970
"paten.html	2	PATEN	Helix Paten PST100 - Kýrmýzý	"	33840
"paten.html	3	PATEN	Helix Paten PST100 - Turuncu	"	33840
"paten.html	4	PATEN	Helix Paten PST100 - Yeþil	"	33840
"paten.html	5	PATEN	Helix Paten SS Siyah	"	2900
"pickleball.html	1	PICKLEBALL	Helix Pickleball Filesi Portatif	"	5210
"pickleball.html	2	PICKLEBALL	Helix Pickleball Seti Ahþap WPB-2	"	620
"pickleball.html	3	PICKLEBALL	Helix Pickleball Seti Fiber FPB-2	"	1800
"pickleball.html	4	PICKLEBALL	Helix Pickleball Seti Karbon CPB-1	"	1550
"pickleball.html	5	PICKLEBALL	Helix Pickleball Topu PT 4'lü	"	130
"ragbi.html	1	RAGBÝ	Helix Ragbi Mücadele Üst Minderi RM-2 80x44x25cm	"	2550
"ragbi.html	2	RAGBÝ	Helix Ragbi Topu RGB No 4 TRF Onaylý	"	610
"ragbi.html	3	RAGBÝ	Helix Ragbi Topu RGB No 5 TRF Onaylý	"	640
"ragbi.html	4	RAGBÝ	Helix Ragbi Topu Surge No 5 TRF Onaylý	"	820
"ragbi.html	5	RAGBÝ	Helix Ragbi Topu Talon No 5 TRF Onaylý	"	820
"ragbi.html	6	RAGBÝ	Helix Ragbi Mücadele Minderi RM-1 80x46x25cm	"	2550
"saglik-toplari.html	1	SAÐLIK TOPLARI	Helix Saðlýk Topu Zýplamayan RSB 10kg	"	920
"saglik-toplari.html	2	SAÐLIK TOPLARI	Helix Saðlýk Topu Zýplamayan RSB 12kg	"	970
"saglik-toplari.html	3	SAÐLIK TOPLARI	Helix Saðlýk Topu Zýplamayan RSB 1kg	"	380
"saglik-toplari.html	4	SAÐLIK TOPLARI	Helix Saðlýk Topu Zýplamayan RSB 2kg	"	430
"saglik-toplari.html	5	SAÐLIK TOPLARI	Helix Saðlýk Topu Zýplamayan RSB 3kg	"	480
"saglik-toplari.html	6	SAÐLIK TOPLARI	Helix Saðlýk Topu Zýplamayan RSB 4kg	"	500
"saglik-toplari.html	7	SAÐLIK TOPLARI	Helix Saðlýk Topu Zýplamayan RSB 5kg	"	620
"saglik-toplari.html	8	SAÐLIK TOPLARI	Helix Saðlýk Topu Zýplamayan RSB 6kg	"	660
"saglik-toplari.html	9	SAÐLIK TOPLARI	Helix Saðlýk Topu Zýplamayan RSB 8kg	"	800
"saglik-toplari.html	10	SAÐLIK TOPLARI	Helix Saðlýk Topu Zýplayan RB 10kg	"	2800
"saglik-toplari.html	11	SAÐLIK TOPLARI	Helix Saðlýk Topu Zýplayan RB 12kg	"	3260
"saglik-toplari.html	12	SAÐLIK TOPLARI	Helix Saðlýk Topu Zýplayan RB 1kg	"	590
"saglik-toplari.html	13	SAÐLIK TOPLARI	Helix Saðlýk Topu Zýplayan RB 2kg	"	790
"saglik-toplari.html	14	SAÐLIK TOPLARI	Helix Saðlýk Topu Zýplayan RB 3kg	"	1030
"saglik-toplari.html	15	SAÐLIK TOPLARI	Helix Saðlýk Topu Zýplayan RB 4kg	"	1240
"saglik-toplari.html	16	SAÐLIK TOPLARI	Helix Saðlýk Topu Zýplayan RB 5kg	"	1500
"saglik-toplari.html	17	SAÐLIK TOPLARI	Helix Saðlýk Topu Zýplayan RB 6kg	"	1740
"saglik-toplari.html	18	SAÐLIK TOPLARI	Helix Saðlýk Topu Zýplayan RB 8kg	"	3640
"saglik-toplari.html	19	SAÐLIK TOPLARI	MB10 SPORTICA	"	570
"saglik-toplari.html	20	SAÐLIK TOPLARI	MB40 SPORTICA	"	1140
"saglik-toplari.html	21	SAÐLIK TOPLARI	MTB50 HATTRICK	"	1280
"satranc.html	1	SATRANÇ	Helix Matara Klasik SMB01 Satranç Takýmý	"	310
"satranc.html	2	SATRANÇ	Helix Matara Okul SMK02 Satranç Takýmý	"	280
"satranc.html	3	SATRANÇ	Helix Satranç Saati PS-1688	"	1760
"satranc.html	4	SATRANÇ	Helix Satranç Takýmý Rulo RS10	"	170
"satranc.html	5	SATRANÇ	Leap Satranç Saati KK9908 FIDE Onaylý	"	3000
"softball.html	1	SOFTBALL	Helix Softbol Topu Sert MSB-H12 TRF Onaylý	"	1000
"softball.html	2	SOFTBALL	Helix Softbol Topu Yumuþak MSB-S12 TRF Onaylý	"	1000
"squash.html	1	SQUASH	Helix Squash Raketi Buddie SQ-030	"	1210
"squash.html	2	SQUASH	Helix Squash Raketi Victory SQ-010	"	3510
"squash.html	3	SQUASH	Helix Squash Topu SB-40	"	380
"su-topu.html	1	SU TOPU	Helix Su Topu Kalesi WPG10	"	153300
"su-topu.html	2	SU TOPU	Helix Su Topu WP4 No 4	"	430
"su-topu.html	3	SU TOPU	Helix Su Topu WP5 No 5	"	430
"su-topu.html	4	SU TOPU	K7 Su Topu HydroGrip No 3 WA Onaylý	"	4780
"su-topu.html	5	SU TOPU	K7 Su Topu HydroGrip No 4 WA Onaylý	"	5970
"su-topu.html	6	SU TOPU	K7 Su Topu HydroGrip No 5 WA Onaylý	"	5970
"trambolin.html	1	TRAMBOLÝN	Firefly Kare Trambolin FKT-122	"	41850
"trambolin.html	2	TRAMBOLÝN	Firefly Tramplen 5 Yaylý GT-120	"	29710
"trambolin.html	3	TRAMBOLÝN	Helix Trambolin Mini HTM-40 40''	"	2640
"trambolin.html	4	TRAMBOLÝN	Helix Trambolin TP-M40 Kýrmýzý 40	"	3010
"trambolin.html	5	TRAMBOLÝN	Helix Trambolin TP-M40 Mavi 40''	"	3010
"trambolin.html	6	TRAMBOLÝN	Helix Trambolin Tutacaklý HTH-53 53''	"	5470
