Dosya,Urun Adi,Fiyat
agirlik-ve-bulgar-cantalari.html,Helix Güç Çantası PB25,2.330 ₺
agirlik-ve-bulgar-cantalari.html,Helix Güç Çantası PB20 20kg,2.120 ₺
agirlik-ve-bulgar-cantalari.html,Helix Güç Çantası PB15 15kg,2.020 ₺
agirlik-ve-bulgar-cantalari.html,Helix Güç Çantası PB10 10kg,1.940 ₺
agirlik-ve-bulgar-cantalari.html,Helix Güç Çantası PB5 5kg,1.860 ₺
agirlik-ve-bulgar-cantalari.html,Helix Bulgar Çantası BB25 25kg,2.280 ₺
agirlik-ve-bulgar-cantalari.html,Helix Bulgar Çantası BB20 20kg,2.120 ₺
agirlik-ve-bulgar-cantalari.html,Helix Bulgar Çantası BB15 15kg,2.010 ₺
agirlik-ve-bulgar-cantalari.html,Helix Bulgar Çantası BB10 10kg,1.970 ₺
agirlik-ve-bulgar-cantalari.html,Helix Bulgar Çantası BB5 5kg,1.930 ₺
atlama-engelleri.html,Helix Atlama Engeli Ayarlanabilir MK-890D,1.030 ₺
atlama-engelleri.html,Helix Atlama Engeli HAE-1,2.280 ₺
atlama-engelleri.html,Vinex Atlama Engeli Ahşap VTWB-100 WA Onaylı,34.500 ₺
atlama-engelleri.html,Vinex Atlama Engeli VSH-111A,4.350 ₺
atlama-engelleri.html,Vinex Atlama Engeli VSH-222HG WA Onaylı,6.430 ₺
atlama-engelleri.html,Vinex Atlama Engeli VSH-SPBL,590 ₺
atlama-engelleri.html,Vinex Engel Taşıma Arabası VSH999-CLC20,28.990 ₺
atlama-ipi.html,EY116 ALTIS,80 ₺
atlama-ipi.html,HTE120 HATTRICK,130 ₺
atlama-ipi.html,EY122 HATTRICK,130 ₺
atlama-ipi.html,EY121 HATTRICK,140 ₺
atlama-ipi.html,HTE959 HATTRICK,170 ₺
atlama-ipi.html,EY117 HATTRICK,170 ₺
atlama-ipi.html,HTE970 HATTRICK,210 ₺
atlama-ipi.html,EY113 ALTIS,220 ₺
atlama-ipi.html,EY150 HATTRICK,220 ₺
atlama-ipi.html,HTE100 HATTRICK,230 ₺
atlama-ipi.html,Helix Atlama İpi Kırmızı JRP-50,120 ₺
atlama-ipi.html,Helix Atlama İpi Yeşil JRP-60,120 ₺
atlama-ipi.html,Helix Atlama İpi Siyah/Yeşil - SJR-10,670 ₺
atlama-ipi.html,Helix İpsiz Atlama İpi RSR-90,210 ₺
atlama-ipi.html,Helix Atlama İpi JRP-10,160 ₺
atlama-ipi.html,Helix Atlama İpi JRP-20,160 ₺
atlama-ipi.html,Helix Atlama İpi Hızlı - JRP-30,220 ₺
atlama-ipi.html,Helix Atlama İpi JRP-40M,80 ₺
atlama-ipi.html,Helix Atlama İpi JRP-40K,80 ₺
atlama-ipi.html,Helix Atlama İpi JRP-40P,80 ₺
atlama-ipi.html,Helix Atlama İpi JRP-40S,80 ₺
atlama-ipi.html,Helix Atlama İpi Hızlı Mavi - SJR- 20,360 ₺
atlama-ipi.html,Helix Atlama İpi JRG-2,160 ₺
atlama-ipi.html,Helix Atlama İpi JRW-2,160 ₺
atletizm.html,Vinex Atma Çemberi Gülle Çekiç DSHC-SPA10,22.950 ₺
atletizm.html,Vinex Sırıkla Atlama Minderi VPVP-700 600x800x80cm WA Onaylı,1.140.000 ₺
atletizm.html,Vinex Sırıkla Atlama Standı PVS-CPTA WA Onaylı,84.720 ₺
atletizm.html,Vinex Sırıkla Yüksek Atlama Çıtası 450cm,2.360 ₺
atletizm.html,Vinex Sırıkla Yüksek Atlama Çıtası VFG-C45 450cm WA Onaylı,3.780 ₺
atletizm.html,Vinex Yüksek Atlama Standı HJS-S01 WA Onaylı,47.910 ₺
atletizm.html,Vinex Yüksek Atlama Standı HJS-XXX WA Onaylı,12.280 ₺
atletizm.html,Vinex Yüksek Atlama Çubuğu CBA-S44 400cm,3.690 ₺
atletizm.html,Vinex Yüksek Atlama Çubuğu VFG-C4 400cm WA Onaylı,3.690 ₺
atletizm.html,Vinex Yüzük PVC VTR-S66,300 ₺
atletizm.html,Vinex Şerit Metre Open Reel MST-OR 30m,1.160 ₺
badminton-fileleri.html,Enlio BWF Onaylı Badminton Filesi,2.450 ₺
badminton-fileleri.html,TBF Badminton Filesi TBF-1 TBF Onaylı,760 ₺
badminton-fileleri.html,Helix Badminton Filesi N550B,690 ₺
badminton-fileleri.html,Helix Badminton Filesi Portatif PB 3m,2.150 ₺
badminton-gripleri.html,TBF Badminton Grip DG600 60&#x27;lı,6.200 ₺
badminton-gripleri.html,TBF Badminton Grip DG700 60&#x27;lı,6.200 ₺
badminton-gripleri.html,TBF Badminton Grip BG-600Y 3&#x27;lü,220 ₺
badminton-gripleri.html,TBF Badminton Grip BG-600O 3&#x27;lü,220 ₺
badminton-kordajlari.html,TBF Badminton Kordaj BKS200Y 200m Sarı,1.830 ₺
badminton-kordajlari.html,TBF Badminton Kordaj BKS200W 200m Beyaz,1.830 ₺
badminton-kordajlari.html,TBF Badminton Kordaj BKP200BL-PRO 200m Siyah,8.380 ₺
badminton-kordajlari.html,TBF Badminton Kordaj BKS100W-PRO 100m Beyaz,4.190 ₺
badminton-kordajlari.html,TBF Badminton Kordaj BKP100OR-PRO 100m Turuncu,4.190 ₺
badminton-kordajlari.html,TBF Badminton Kordaj BKP100BL-PRO 100m Siyah,4.190 ₺
badminton-kordajlari.html,TBF Badminton Kordaj BKP200OR-PRO 200m Turuncu,8.380 ₺
badminton-kordajlari.html,TBF Badminton Kordaj BKS100Y 100m Sarı,920 ₺
badminton-malzemeleri.html,Helix Badminton Direği Standart SBD-15,3.630 ₺
badminton-malzemeleri.html,Helix Badminton Direği Seyyar SBD-2,5.440 ₺
badminton-malzemeleri.html,Helix Raket Örme Makinesi RSM-300,142.000 ₺
badminton-malzemeleri.html,Helix Manuel Raket Örme Makinesi RSM-200,666.650 ₺
badminton-malzemeleri.html,Enlio Badminton Zemini Y3170 BWF Onaylı,309.000 ₺
badminton-toplari.html,TBF Badminton Topu SHN10,770 ₺
badminton-toplari.html,Leipai Badminton Topu DG-10 BWF Onaylı,4.560 ₺
badminton-toplari.html,Helix Badminton Topu Hobi BBT-Set 6&#x27;lı,170 ₺
badminton-toplari.html,Helix Badminton Topu Işıklı LB- 10 Sarı,300 ₺
badminton-toplari.html,Helix Badminton Topu Işıklı LB- 20 Turuncu,300 ₺
badminton-toplari.html,Helix Badminton Topu Air AB-20 Turuncu,250 ₺
badminton-toplari.html,Helix Badminton Topu Air AB-10 Sarı,250 ₺
badminton-toplari.html,BT10 ALTIS,130 ₺
badminton-toplari.html,BT30 HATTRICK,220 ₺
badminton-toplari.html,BT50 HATTRICK,300 ₺
badminton.html,B100 ALTIS,340 ₺
badminton.html,B300 ALTIS,330 ₺
badminton.html,B400 ALTIS,450 ₺
badminton.html,SDB43 SPORTICA,150 ₺
badminton.html,SDB53 ALTIS HBT53 HATTRICK,255 ₺
badminton.html,SDB10 ALTIS,290 ₺
badminton.html,SDB65 SPORTICA,360 ₺
badminton.html,BS05 ALTIS,380 ₺
badminton.html,BS20 ALTIS,560 ₺
badminton.html,Helix Badminton Raketi Unique BR030,1.770 ₺
badminton.html,Helix Badminton Raketi Primier BR020,580 ₺
badminton.html,TBF Badminton Raketi Magical TBF-ML,3.280 ₺
badminton.html,TBF Badminton Raketi Momentum TBF-M,3.280 ₺
badminton.html,TBF Badminton Raketi Strong TBF-S,3.280 ₺
badminton.html,TBF Badminton Raketi Winner TBF-W,3.280 ₺
badminton.html,Helix Storm Badminton Raket Seti,920 ₺
badminton.html,TBF Badminton Raket Seti Beginning TBF-BG,680 ₺
badminton.html,Helix Badminton Raket Seti Enjoy BR010,260 ₺
badminton.html,Helix Badminton Raket Seti Glory BR012,340 ₺
badminton.html,Helix Badminton Raket Seti BR001,140 ₺
barlar-ve-barfiks-ekipmanlari.html,KISA BAR HDB10,160 ₺
barlar-ve-barfiks-ekipmanlari.html,KISA BAR KBR10,340 ₺
barlar-ve-barfiks-ekipmanlari.html,KROM BAR ABR120,1.010 ₺
barlar-ve-barfiks-ekipmanlari.html,KROM BAR ABR119,1.010 ₺
barlar-ve-barfiks-ekipmanlari.html,KROM BAR ABR152,1.130 ₺
barlar-ve-barfiks-ekipmanlari.html,KROM BAR ABR160,1.140 ₺
barlar-ve-barfiks-ekipmanlari.html,KROM BAR ABR183,1.310 ₺
barlar-ve-barfiks-ekipmanlari.html,KROM BAR ABR213,1.420 ₺
barlar-ve-barfiks-ekipmanlari.html,Raptor Olimpik Z Bar OZB-120 120cm,2.700 ₺
barlar-ve-barfiks-ekipmanlari.html,Raptor Olimpik Bar OB-180 180cm,4.270 ₺
barlar-ve-barfiks-ekipmanlari.html,Helix Duvar Barfiks Barı DB-50,1.380 ₺
barlar-ve-barfiks-ekipmanlari.html,Helix Kapı Barfiks Barı DB-10,720 ₺
barlar-ve-barfiks-ekipmanlari.html,Helix Halter Trap Bar TB-142 142cm,7.530 ₺
barlar-ve-barfiks-ekipmanlari.html,Helix Kısa Bar Krom SB-32 32cm,490 ₺
basketbol-potalari.html,Helix Basketbol Çemberi BH 7kg,1.950 ₺
basketbol-potalari.html,Helix Basketbol Çemberi BH 8kg,2.330 ₺
basketbol-potalari.html,Helix Basketbol Potası Portatif BPA-160,3.750 ₺
basketbol-potalari.html,PVC PANYA HB-1 ALTIS,5.440 ₺
basketbol-potalari.html,PVC PANYA HB-5 ALTIS,4.740 ₺
basketbol-potalari.html,PVC PANYA HB-2 ALTIS,4.770 ₺
basketbol-potalari.html,BNS3O HATTRICK BASKETBOL AĞI,270 ₺
basketbol-potalari.html,PVC PANYA HB-4 ALTIS,4.770 ₺
basketbol.html,C7 HATTRICK,310 ₺
basketbol.html,C6 HATTRICK,290 ₺
basketbol.html,C3 HATTRICK,270 ₺
basketbol.html,ALT700 ALTIS,790 ₺
basketbol.html,ALT600 ALTIS,790 ₺
basketbol.html,ALT500 ALTIS,790 ₺
basketbol.html,B3 ALTIS,400 ₺
basketbol.html,STREET PRO HATTRICK No:7,680 ₺
basketbol.html,STREET PRO HATTRICK No:6,680 ₺
basketbol.html,STREET PRO HATTRICK No:5,680 ₺
basketbol.html,BB100 ALTIS,290 ₺
basketbol.html,Helix Basketbol Topu Allstar No:7,540 ₺
basketbol.html,Helix Basketbol Topu Allstar No:6,520 ₺
basketbol.html,Helix Basketbol Topu Allstar 5,500 ₺
basketbol.html,Helix Basketbol Topu Wizard RX8 No:7,370 ₺
basketbol.html,Helix Basketbol Topu Wizard RX8 No:6,360 ₺
basketbol.html,Helix Basketbol Topu Wizard RX8 No:5,340 ₺
basketbol.html,Helix Flash Tx100 Basketbol Topu: No: 7,330 ₺
basketbol.html,Helix Flash Tx100 Basketbol Topu: No: 6,330 ₺
basketbol.html,Helix Flash Tx100 Basketbol Topu: No: 5,330 ₺
basketbol.html,Helix Basketbol Topu Işıklı BL-1 No:7,970 ₺
beyzbol.html,Helix Beyzbol Atış Makinası Topu AB-9,400 ₺
beyzbol.html,Helix Beyzbol Topu MB-9 TRF Onaylı,440 ₺
bocce.html,BCS08 HATTRICK,110 ₺
bocce.html,Helix Petank Seti 8'li BB-8,1.200 ₺
bocce.html,Helix Raffa Seti 8'li RBB-8,4.000 ₺
bocce.html,Obut Match IT Petank Seti Strie 0,14.900 ₺
bocce.html,Obut Match IT Petank Seti Strie 1,14.900 ₺
boneler.html,LATEKS BONE SCF09,50 ₺
boneler.html,SİLİKON BONE SCF17,110 ₺
boneler.html,Helix Yüzücü Bonesi Likralı LYB,30 ₺
boneler.html,Helix Yüzücü Bonesi YB,120 ₺
boneler.html,Helix Yüzücü Bonesi YB-33,60 ₺
boneler.html,Helix Yüzücü Bonesi YB-58,120 ₺
boneler.html,Helix Yüzücü Bonesi YB-70,110 ₺
boneler.html,Helix Yüzücü Bonesi YB-90,140 ₺
cekicler.html,Helix Çekiç HMR-3 3kg,2.750 ₺
cekicler.html,Helix Çekiç HMR-5 5kg,3.330 ₺
cekicler.html,Vinex Eğitim Çekici HEV-350gr,560 ₺
cekicler.html,Vinex Eğitim Çekici HEV-400gr,580 ₺
cekicler.html,Vinex Eğitim Çekici HEV-500gr,610 ₺
cekicler.html,Vinex Çekiç Antrenman HVE-300 3kg,1.590 ₺
cekicler.html,Vinex Çekiç Antrenman HVE-400 4kg,1.790 ₺
cekicler.html,Vinex Çekiç Antrenman HVE-500 5kg,2.150 ₺
cekicler.html,Vinex Çekiç Antrenman HVE-600 6kg,2.200 ₺
cekicler.html,Vinex Çekiç Antrenman HVE-726 7.26kg,2.450 ₺
cekicler.html,Vinex Çekiç Arabası Standı VHC-S18,7.740 ₺
cekicler.html,Vinex Çekiç Demir HVI-300 3kg WA Onaylı,2.160 ₺
cekicler.html,Vinex Çekiç Demir HVI-400 4kg WA Onaylı,2.450 ₺
cekicler.html,Vinex Çekiç Demir HVI-500 5kg WA Onaylı,2.370 ₺
cekicler.html,Vinex Çekiç Demir HVI-600 6kg WA Onaylı,2.690 ₺
cekicler.html,Vinex Çekiç Demir HVI-726 7.26kg WA Onaylı,4.100 ₺
cekicler.html,Vinex Çekiç HHV-102 WA Onaylı,510 ₺
cekicler.html,Vinex Çekiç HWG-100 WA Onaylı,150 ₺
cikis-takozu.html,Helix Atletizm Çıkış Takozu Atletizm HSB-7,3.950 ₺
cikis-takozu.html,Vinex Çıkış Takozu Taşıma Arabası VSB-CP10,24.600 ₺
cikis-takozu.html,Vinex Çıkış Takozu VSB-01B WA Onaylı,7.070 ₺
cikis-takozu.html,Vinex Çıkış Takozu VSB-02,4.790 ₺
cimnastik-malzemeleri.html,Firefly Cimnastik Halkası GR-10,1.480 ₺
cimnastik-malzemeleri.html,Firefly Cimnastik Halkası Müsabaka GR-20,2.680 ₺
cimnastik-malzemeleri.html,Firefly Cimnastik Halkası Yarışma GR-30,2.860 ₺
cimnastik-malzemeleri.html,Firefly Okul Parkuru SP100,407.000 ₺
cimnastik-malzemeleri.html,Helix Amut Şınav Barı ASB-2 40cm,750 ₺
cimnastik-malzemeleri.html,Helix Amut Şınav Barı ASB-70 70cm,1.490 ₺
cimnastik-malzemeleri.html,Helix Magnezyum Tozu Standı MGR-1,3.040 ₺
cimnastik-malzemeleri.html,Helix Magnezyum Tozu Standı MGR-2,3.040 ₺
cimnastik-malzemeleri.html,Helix Pliometrik Zıplama Sehpası 50 Cm,6.300 ₺
cimnastik.html,Firefly Bataklık Minderi 100x200x10cm,5.700 ₺
cimnastik.html,Firefly Cimnastik Minderi Air Track ATG-10 1000x200x20cm,47.470 ₺
cimnastik.html,Firefly Cimnastik Minderi Air Track ATG-2 200x100x10cm,7.380 ₺
cimnastik.html,Firefly Cimnastik Minderi Air Track ATG-4 400x200x10cm,17.460 ₺
cimnastik.html,Firefly Cimnastik Minderi Air Track ATG-6 600x200x20cm,33.210 ₺
cimnastik.html,Firefly Cimnastik Minderi Air Track ATG-8 800x200x20cm,40.100 ₺
cimnastik.html,Firefly Cimnastik Minderi GM-100 100x200x5cm,3.200 ₺
cimnastik.html,Firefly D Minder 100x65x65cm,2.740 ₺
cimnastik.html,Firefly Flik Flak Minder FFM-2 100x70x70cm,8.460 ₺
cimnastik.html,Firefly Köprü Minder KM-150 150x40x50cm,4.630 ₺
cimnastik.html,Firefly Merdiven Minder CS-140 114x70x72,6.320 ₺
cimnastik.html,Firefly Silindir Minder SM-70 50x70cm,3.110 ₺
cimnastik.html,Firefly Silindir Tünel Minder 60x60cm,2.800 ₺
cimnastik.html,Firefly T Minder TM-80 100x80x20cm,3.920 ₺
cimnastik.html,Firefly Tırtıl Minder 200x25x20cm,2.780 ₺
cimnastik.html,Firefly Üçgen Minder TC-40 100x100x40cm,4.920 ₺
cimnastik.html,Firefly Yükseltilmiş Rampa Minderi 150x60x60cm,8.050 ₺
cimnastik.html,Firefly Zıplama Rampa Minderi,2.530 ₺
cimnastik.html,Helix Tatami Minderi TM-26 MK100x100x2.6cm,440 ₺
ciritler.html,Helix Cirit Javelin 400gr,860 ₺
ciritler.html,Helix Cirit Javelin 500gr,910 ₺
ciritler.html,Helix Cirit Köpük FC-4,330 ₺
ciritler.html,Vinex Cirit Aero javelin 400gr,2.780 ₺
ciritler.html,Vinex Cirit Aero javelin 800gr,3.940 ₺
ciritler.html,Vinex Cirit JAL-50040 500gr WA Onaylı,6.250 ₺
ciritler.html,Vinex Cirit JAL-CH600 600gr WA Onaylı,4.640 ₺
ciritler.html,Vinex Cirit JAL-CH700 700gr WA Onaylı,4.840 ₺
ciritler.html,Vinex Cirit JAL-CH800 800gr WA Onaylı,5.650 ₺
dambil-standlari.html,DAMBIL STANDI DSR10,6.000 ₺
dambil-standlari.html,DAMBIL STANDI DSR11,6.000 ₺
dambil-standlari.html,Helix Dambıl Standı 10&#x27;lu DS-10,1.020 ₺
dambil-standlari.html,Helix Dambıl Standı Plastik PDS- 5,500 ₺
dart.html,Hatrrick Dart Oku 18 GR,150 ₺
dart.html,Hatrrick Dart Oku 20 GR,150 ₺
dart.html,Hatrrick Dart Oku 22 GR,150 ₺
dart.html,Hatrrick Dart Oku 24 GR,150 ₺
dart.html,Helix Damla Model Dart Arkalık,1.500 ₺
dart.html,Helix Dart Kanat Delgeci - Beyaz,350 ₺
dart.html,Helix Dart Kanat Delgeci - Kırmızı,350 ₺
dart.html,Helix Dart Kanat Delgeci - Siyah,350 ₺
dart.html,Helix Dart Kanat Delgeci - Yeşil,350 ₺
dart.html,Helix Dart Oku 3'lü DO-18,150 ₺
dart.html,Helix Dart Oku 3'lü DO-20,150 ₺
dart.html,Helix Dart Oku 3'lü DO-22,150 ₺
dart.html,Helix Dart Oku 3'lü DO-24,150 ₺
dart.html,Helix Dart Oku Kanadı 3'lü DW-2,60 ₺
dart.html,Helix Dart Tahtası Aydınlatma,2.750 ₺
dart.html,Helix Dart Tahtası DBE-17,320 ₺
dart.html,Helix Dart Tahtası DBKA-18,640 ₺
dart.html,Helix Dart Tahtası DBKB-18,570 ₺
dart.html,Helix Dart Tahtası DBSA-30 WDF Onaylı,2.750 ₺
dart.html,Helix Dart Tahtası DBSB-20,1.450 ₺
dart.html,Helix Dart Tripod Ayağı DA-3,2.860 ₺
dart.html,Helix Dart Çantası,510 ₺
dart.html,Helix Ok Ucu Değiştirme Aleti,2.860 ₺
diskler.html,Helix Disk DSC-1000 1kg,750 ₺
diskler.html,Helix Disk DSC-1500 1.5kg,910 ₺
diskler.html,Helix Disk DSC-2000 2kg,920 ₺
diskler.html,Helix Disk DSC-750 750gr,700 ₺
diskler.html,Vinex Disk DCS-S10 1kg,1.080 ₺
diskler.html,Vinex Disk DCS-S15 1.5kg,1.330 ₺
diskler.html,Vinex Disk DCS-S17 1.75kg,1.470 ₺
diskler.html,Vinex Disk DCS-S20 2kg,1.680 ₺
diskler.html,Vinex Disk DSG-P10 1kg WA Onaylı,1.440 ₺
diskler.html,Vinex Disk DSG-P15 1.5kg WA Onaylı,1.720 ₺
diskler.html,Vinex Disk DSG-P17 1.75kg WA Onaylı,1.880 ₺
diskler.html,Vinex Disk DSG-P20 2kg WA Onaylı,2.100 ₺
diskler.html,Vinex Disk DSG-P75 0.75kg WA Onaylı,1.320 ₺
diskler.html,Vinex Disk Kauçuk DRB-100 1kg,240 ₺
diskler.html,Vinex Disk Kauçuk DRB-150 1.5kg,270 ₺
diskler.html,Vinex Disk Kauçuk DRB-175 1.75kg,310 ₺
diskler.html,Vinex Disk Kauçuk DRB-200 2kg,350 ₺
dovus-sporlari.html,BBS10 HATTRICK,190 ₺
dovus-sporlari.html,CHAMPION HATTRICK,1.310 ₺
dovus-sporlari.html,INVICTUS KING HATTRICK 1,11.310 ₺
dovus-sporlari.html,INVICTUS KING HATTRICK,11.310 ₺
dovus-sporlari.html,Raptor Antrenman Mankeni TRM-10 Mavi,21.900 ₺
dovus-sporlari.html,Raptor Antrenman Mankeni TRM-20 Kırmızı,21.900 ₺
dovus-sporlari.html,Raptor Antrenman Mankeni TRM-30 Kırmızı,17.300 ₺
dovus-sporlari.html,Raptor Antrenman Mankeni TRM-40 Mavi,17.300 ₺
dovus-sporlari.html,Raptor Ayak Üstü Koruması Teakwondo - RPL,600 ₺
dovus-sporlari.html,Raptor Açık Kask Kickboks Kafa Koruyucu HG Kırmızı,1.290 ₺
dovus-sporlari.html,Raptor Açık Kask NVL - Beyaz,1.400 ₺
dovus-sporlari.html,Raptor Boks Bandajı HWB-B 3.5m Siyah,260 ₺
dovus-sporlari.html,Raptor Boks Bandajı HWB-BL 3.5m Mavi,260 ₺
dovus-sporlari.html,Raptor Boks Bandajı HWB-R 3.5m Kırmızı,260 ₺
dovus-sporlari.html,Raptor Boks Dişliği BD-16,180 ₺
dovus-sporlari.html,Raptor Boks Eldiveni BBG,1.640 ₺
dovus-sporlari.html,Raptor Boks Ellik Lapa BFP Kırmızı,1.640 ₺
dovus-sporlari.html,Raptor Boks Ellik Lapa BFP Siyah,1.640 ₺
dovus-sporlari.html,Raptor Boks Standı BX Kırmızı,9.250 ₺
dovus-sporlari.html,Raptor Boks Torbası Armut BT1239,3.350 ₺
dovus-sporlari.html,Raptor Boks Torbası BT1236 90x30cm,2.170 ₺
dovus-sporlari.html,Raptor Boks Torbası BT1237 100x30cm,2.410 ₺
dovus-sporlari.html,Raptor Eğri Darbe Yastığı 3736,1.640 ₺
dovus-sporlari.html,Raptor Göğüs Koruyucu Muay Thai Kadın - NVL,820 ₺
dovus-sporlari.html,Raptor Göğüs Koruyucu Taekvando Selfguard,820 ₺
dovus-sporlari.html,Raptor Kapalı Kask Kırmızı - HG,1.880 ₺
dovus-sporlari.html,Raptor Kapalı Kask Mavi - CHG,1.880 ₺
dovus-sporlari.html,Raptor Kaval Koruyucu Kyokushin Beyaz - SPR,600 ₺
dovus-sporlari.html,Raptor Kaval Koruyucu Muay Thai - RPL,2.000 ₺
dovus-sporlari.html,Raptor Kaval Koruyucu Muay Thai Kırmızı - SPR,600 ₺
dovus-sporlari.html,Raptor Kaval Koruyucu Muay Thai Mavi - SPR,600 ₺
dovus-sporlari.html,Raptor Kaval Koruyucu Muay Thai Siyah - MVL,660 ₺
dovus-sporlari.html,Raptor Kol ve Kaval Koruyucu Tekvando - ALG,940 ₺
dovus-sporlari.html,Raptor Kuki LGG Kadın,450 ₺
dovus-sporlari.html,Raptor Kuki NVL Erkek,450 ₺
dovus-sporlari.html,Raptor Raket Ellik RDR,820 ₺
dovus-sporlari.html,Raptor Tekvando Eldiveni NVL,600 ₺
egzersiz.html,CROSSFIT HALATI 3809CRS,2.500 ₺
egzersiz.html,CROSSFIT HALATI 3812CRS,2.730 ₺
egzersiz.html,CROSSFIT HALATI HCT15,3.350 ₺
egzersiz.html,CROSSFIT HALATI 5012CRS,4.480 ₺
egzersiz.html,TRAINING SET TRX-PRO,4.200 ₺
egzersiz.html,TWISTER TS10,230 ₺
egzersiz.html,TWISTER TW30,280 ₺
egzersiz.html,TWISTER TW50,220 ₺
egzersiz.html,GÖĞÜS YAYI CE200,250 ₺
egzersiz.html,GÖĞÜS YAYI HGY400,250 ₺
egzersiz.html,GÖĞÜS YAYI GY50,290 ₺
egzersiz.html,KAPI BARI ES35,630 ₺
egzersiz.html,KAPI BARFİKSİ KB20,630 ₺
egzersiz.html,KAPI BARFİKSİ HKB500,520 ₺
egzersiz.html,KAPI BARFİKSİ B100,520 ₺
egzersiz.html,EGZERSİZ SETİ T20,290 ₺
egzersiz.html,EGZERSİZ SETİ BHS10,290 ₺
egzersiz.html,EGZERSİZ SETİ LS964,230 ₺
egzersiz.html,KAPI EGZERSİZ ALETİ KB30,350 ₺
egzersiz.html,KELEBEK VÜCUT ÇALIŞTIRICI LS968,220 ₺
egzersiz.html,EGZERSİZ TEKERLEĞİ ES530,250 ₺
egzersiz.html,MAT ROLLER TAIWAN ES600,290 ₺
egzersiz.html,KOL ÇALIŞTIRICI KY10,150 ₺
egzersiz.html,KOL ÇALIŞTIRICI KY20,160 ₺
egzersiz.html,KOL ÇALIŞTIRICI YB10,160 ₺
egzersiz.html,KOL ÇALIŞTIRICI YB80,180 ₺
egzersiz.html,KOL ÇALIŞTIRICI YB60,180 ₺
egzersiz.html,VÜCUT ANALİZATÖR BFA01,150 ₺
egzersiz.html,PEDOMETRE PD20,70 ₺
egzersiz.html,Helix Direnç Bandı Kiti EBS-5,2.510 ₺
egzersiz.html,Helix Suspension Trainer ST-20,820 ₺
egzersiz.html,Helix El ve Ayak Bilek Ağırlığı WA20 2kg Siyah,560 ₺
egzersiz.html,Helix El ve Ayak Bilek Ağırlığı WA15 1.5kg Mavi,460 ₺
egzersiz.html,Helix El ve Ayak Bilek Ağırlığı WA10 1kg Turuncu,370 ₺
egzersiz.html,Helix El ve Ayak Bilek Ağırlığı NA-20 2kg,440 ₺
egzersiz.html,Helix El ve Ayak Bilek Ağırlığı NA-15 1.5kg,340 ₺
egzersiz.html,Helix El ve Ayak Bilek Ağırlığı NA-10 1kg,290 ₺
egzersiz.html,Helix Egzersiz Seti Bungee Fly 70kg,4.720 ₺
egzersiz.html,Helix Egzersiz Seti Bungee Fly 60kg,4.650 ₺
egzersiz.html,Helix Egzersiz Seti Bungee Fly 50kg,4.510 ₺
egzersiz.html,Helix Direnç Lastiği TT-20 Pembe,130 ₺
egzersiz.html,Helix Direnç Lastiği TT-10 Mavi,130 ₺
egzersiz.html,Helix Direnç Lastiği RT120 Mavi,280 ₺
egzersiz.html,Helix Denge Diski DD Mavi,410 ₺
egzersiz.html,Helix Denge Diski DD Siyah,410 ₺
egzersiz.html,Helix Bel Form Plakası FP Pembe,540 ₺
el-ve-ayak-agirliklari.html,"EL,AYAK AĞIRLIĞI AY28",490 ₺
el-ve-ayak-agirliklari.html,"EL,AYAK AĞIRLIĞI AY29",490 ₺
el-ve-ayak-agirliklari.html,"EL,AYAK AĞIRLIĞI AS10",120 ₺
el-ve-ayak-agirliklari.html,"EL,AYAK AĞIRLIĞI AS30",280 ₺
el-ve-ayak-agirliklari.html,"EL,AYAK AĞIRLIĞI HE13",370 ₺
el-ve-ayak-agirliklari.html,"EL,AYAK AĞIRLIĞI AS50",430 ₺
el-ve-ayak-agirliklari.html,"EL,AYAK AĞIRLIĞI AS60",510 ₺
el-ve-ayak-agirliklari.html,"EL,AYAK AĞIRLIĞI AS70",550 ₺
el-ve-ayak-agirliklari.html,"EL,AYAK AĞIRLIĞI AS80",550 ₺
el-yayi.html,EY103 ALTIS,140 ₺
el-yayi.html,EY109 HATTRICK,150 ₺
el-yayi.html,EY90 ALTIS,150 ₺
el-yayi.html,Helix El Yayı 10-30kg Turuncu,150 ₺
el-yayi.html,Helix El Yayı 10-30kg Mavi,150 ₺
firlatma-toplari.html,Helix Fırlatma Topu LB 200gr,360 ₺
firlatma-toplari.html,Helix Fırlatma Topu LB 80gr,210 ₺
firlatma-toplari.html,Vinex Fırlatma Topu JBP 800gr,410 ₺
firlatma-toplari.html,Vinex Fırlatma Topu PVC ISP-80SWR 80gr,570 ₺
fitness-aletleri.html,MEKİK SEHPASI MK300,4.540 ₺
fitness-aletleri.html,MEKİK SEHPASI BNCH03,4.820 ₺
fitness-aletleri.html,AĞIRLIK SEHPASI BNCH06,5.280 ₺
fitness-aletleri.html,AĞIRLIK SEHPASI BNCH02,5.500 ₺
fitness-aletleri.html,AĞIRLIK SEHPASI BNCH01,7.940 ₺
fitness-aletleri.html,Vortex Kondisyon Küreği TR001RM-5,34.200 ₺
fitness-eldiven-ve-kemerleri.html,AĞIRLIK KEMERİ POWER ALTIS,490 ₺
fitness-eldiven-ve-kemerleri.html,AĞIRLIK KALDIRMA AK20,490 ₺
fitness-eldiven-ve-kemerleri.html,FITNESS ELDİVEN TROX,170 ₺
fitness-eldiven-ve-kemerleri.html,FITNESS ELDİVEN WETRO,170 ₺
fitness-eldiven-ve-kemerleri.html,FITNESS ELDİVEN CONVAX,250 ₺
fitness-eldiven-ve-kemerleri.html,FITNESS ELDİVEN SNIPER,250 ₺
fitness-eldiven-ve-kemerleri.html,FITNESS ELDİVEN SHOT,250 ₺
fitness-eldiven-ve-kemerleri.html,FITNESS ELDİVEN ACROSS,250 ₺
fitness-eldiven-ve-kemerleri.html,FITNESS ELDİVEN PALMS,290 ₺
fitness-eldiven-ve-kemerleri.html,FITNESS ELDİVEN NEOFİT,290 ₺
fitness-eldiven-ve-kemerleri.html,FITNESS ELDİVEN MESHBACK,290 ₺
fitness-eldiven-ve-kemerleri.html,FITNESS ELDİVEN TRIMMER,290 ₺
fitness-eldiven-ve-kemerleri.html,FITNESS ELDİVEN FLASH,360 ₺
fitness-eldiven-ve-kemerleri.html,FITNESS ELDİVENİ PREXA,420 ₺
fitness-eldiven-ve-kemerleri.html,FITNESS ELDİVENİ HIGHPRO,160 ₺
fitness.html,DAMBIL SETİ DS10 ALTIS,1.020 ₺
fitness.html,DAMBIL SETİ HDS20 HATTRICK,1.480 ₺
fitness.html,DAMBIL SETİ HDS30 HATTRICK,1.820 ₺
fitness.html,DAMBIL SETİ HDS40 HATTRICK,3.970 ₺
fitness.html,DAMBIL AL67 ALTIS,400 ₺
fitness.html,DAMBIL AL69 ALTIS,630 ₺
fitness.html,DAMBIL VD7 HATTRICK,800 ₺
fitness.html,DAMBIL VD9 HATTRICK,970 ₺
fitness.html,VD10 HATTRICK,1.140 ₺
fitness.html,ÇİFTLİ DAMBIL VDS10 ALTIS,170 ₺
fitness.html,ÇİFTLİ DAMBIL VDS20 ALTIS,330 ₺
fitness.html,ÇİFTLİ DAMBIL VDS50 ALTIS,910 ₺
fitness.html,KÖŞELİ DAMBIL DS50 ALTIS,140 ₺
fitness.html,KÖŞELİ DAMBIL DS63 ALTIS,300 ₺
fitness.html,KÖŞELİ DAMBIL DS71 ALTIS,310 ₺
fitness.html,KÖŞELİ DAMBIL DS80 ALTIS,400 ₺
fitness.html,KÖŞELİ DAMBIL DS86 ALTIS,410 ₺
fitness.html,KÖŞELİ DAMBIL DS90 ALTIS,510 ₺
fitness.html,KÖŞELİ DAMBIL DS99 ALTIS,510 ₺
fitness.html,KÖŞELİ DAMBIL HR30 ALTIS,510 ₺
fitness.html,Helix Dambıl Kauçuk HX-27 27.5kg,5.140 ₺
fitness.html,Helix Dambıl Kauçuk HX-35 35kg,6.920 ₺
fitness.html,Helix Dambıl Kauçuk HX-30 30kg,5.930 ₺
fitness.html,Helix Dambıl Kauçuk HX-22 22.5kg,5.450 ₺
fitness.html,Helix Dambıl Kauçuk HX-25 25kg,4.950 ₺
fitness.html,Helix Dambıl Kauçuk HX-20 20kg,6.960 ₺
fitness.html,Helix Dambıl Kauçuk HX-17 17.5kg,3.460 ₺
fitness.html,Helix Dambıl Kauçuk HX-15 15kg,2.970 ₺
fitness.html,Helix Dambıl Kauçuk HX-12 12.5kg,2.470 ₺
fitness.html,Helix Dambıl Kauçuk HX-10 10kg,1.930 ₺
fitness.html,Helix Dambıl Kauçuk HX-75 7.5kg,1.490 ₺
fitness.html,Helix Dambıl Kauçuk HX-5 5kg,1.000 ₺
fitness.html,Helix Dambıl Kauçuk HX-2 2.5kg,620 ₺
fitness.html,Helix Dambıl Vinil PVC PD-10 10kg,2.070 ₺
fitness.html,Helix Dambıl Vinil PVC PD-09 9kg,1.870 ₺
fitness.html,Helix Dambıl Vinil PVC PD-08 8kg,1.660 ₺
fitness.html,Helix Dambıl Vinil PVC PD-07 7kg,1.460 ₺
fitness.html,Helix Dambıl Vinil PVC PD-06 6kg,1.250 ₺
fitness.html,Helix Dambıl Vinil PVC PD-05 5kg,1.040 ₺
fitness.html,Helix Dambıl Vinil PVC PD-04 4kg,830 ₺
fitness.html,Helix Dambıl Vinil PVC PD-03 3kg,630 ₺
fitness.html,Helix Dambıl Vinil PVC PD-02 2kg,420 ₺
fitness.html,Helix Dambıl Vinil PVC PD-01 1kg,210 ₺
fitness.html,Helix Dambıl Neopren ND-10 10kg,2.070 ₺
fitness.html,Helix Dambıl Neopren ND-9 9kg,1.870 ₺
fitness.html,Helix Dambıl Neopren ND-8 8kg,1.660 ₺
fitness.html,Helix Dambıl Neopren ND-7 7kg,1.460 ₺
fitness.html,Helix Dambıl Neopren ND-6 6kg,1.250 ₺
fitness.html,Helix Dambıl Neopren ND-5 5kg,1.040 ₺
fitness.html,Helix Dambıl Neopren ND-4 4kg,830 ₺
fitness.html,Helix Dambıl Neopren ND-1 1kg,210 ₺
fitness.html,Helix Dambıl Neopren ND-05 0.5kg,120 ₺
fitness.html,"Helix Dambıl Ayarlanabilir AD-40 2,5kg-40kg",13.670 ₺
fitness.html,"Helix Dambıl Ayarlanabilir AD-24 2,5kg-24kg",8.200 ₺
futbol-malzemeleri.html,FUTBOL TAKTİK TAHTASI,170 ₺
futbol-malzemeleri.html,HUNİ 40CM,130 ₺
futbol-malzemeleri.html,KOORDİNASYON MERDİVENİ 4M ÇİFTLİ,740 ₺
futbol-malzemeleri.html,KOORDİNASYON MERDİVENİ 9M ÇİFTLİ,1.640 ₺
futbol-malzemeleri.html,SIÇRAMA SETİ 23CM,180 ₺
futbol-malzemeleri.html,SIÇRAMA SETİ 30CM,200 ₺
futbol-malzemeleri.html,SIÇRAMA SETİ 40CM,200 ₺
futbol-malzemeleri.html,SIÇRAMA SETİ 45CM,230 ₺
futbol-malzemeleri.html,ENGELLİ SETİ 12&#x27;Lİ 48CM,1.350 ₺
futbol-malzemeleri.html,ENGELLİ SETİ 12&#x27;Lİ 63CM,1.880 ₺
futbol-malzemeleri.html,Helix Futbol Kale Filesi FKF-7,2.800 ₺
futbol-malzemeleri.html,Helix Futbol Kale Filesi Mini MKF-160,900 ₺
futbol-malzemeleri.html,Helix Futbol Kalesi Mini MGK- 100,6.000 ₺
futbol-malzemeleri.html,Helix Futbol Taktik Tahtası NS,530 ₺
futbol-malzemeleri.html,Helix Futbol Taktik Tahtası Antrenör MK-899,920 ₺
futbol-malzemeleri.html,Helix Huni Delikli DH,110 ₺
futbol-malzemeleri.html,Helix Ayak Pompası AP10,810 ₺
futbol-malzemeleri.html,Helix Top Şişirme Pompası,90 ₺
futbol-malzemeleri.html,Helix Kauçuk Tabanlı Slalom Seti KS-18,2.910 ₺
futbol-malzemeleri.html,Helix Slalom Takımı ST-150,2.150 ₺
futbol-malzemeleri.html,Helix Top Taşıma Çantası VBCB- 10,270 ₺
futbol-malzemeleri.html,Helix Top Taşıma Filesi TF-20,150 ₺
futbol-malzemeleri.html,Helix Top Taşıma Çantası BCB- 100,820 ₺
futbol-malzemeleri.html,Helix Çeviklik Halkası MK-850E-S,900 ₺
futbol-malzemeleri.html,Helix 4&#x27;lü Set Korner Direği MK- 858,190 ₺
futbol-malzemeleri.html,Helix Antrenman Engeli MK-852 15cm,80 ₺
futbol-malzemeleri.html,Helix Antrenman Engeli MK-852 23cm,100 ₺
futbol-malzemeleri.html,Helix Antrenman Engeli MK-852 30cm,120 ₺
futbol-malzemeleri.html,Helix Antrenman Engeli MK-852 40cm,135 ₺
futbol-malzemeleri.html,Helix Antrenman Engeli MK-852 50cm,160 ₺
futbol-malzemeleri.html,Helix Antrenman Engeli MK-852 60cm,190 ₺
futbol-malzemeleri.html,Helix Antrenman Merdiveni 4m,380 ₺
futbol-malzemeleri.html,Helix Antrenman Merdiveni 6m,500 ₺
futbol-malzemeleri.html,Helix Antrenman Merdiveni 9m,700 ₺
futbol-malzemeleri.html,Helix Antrenman Çanağı 1&#x27;li,10 ₺
futbol-malzemeleri.html,Helix Küçük Huni MK-834,20 ₺
futbol.html,Helix Futbol Topu Shine Pro No:4,680 ₺
futbol.html,Helix Futbol Topu Shine Pro No:5,680 ₺
futbol.html,Helix Zilli Futbol Topu NV-15 No:5,920 ₺
futbol.html,Helix Zilli Futbol Topu NV-14 No:4,920 ₺
futbol.html,Helix Futbol Topu Velo No:5,580 ₺
futbol.html,Helix Futbol Topu Velo No:4,580 ₺
futbol.html,Helix Futbol Topu Trex No:5,660 ₺
futbol.html,Helix Futbol Topu Trex No:4,660 ₺
futbol.html,Helix Futbol Topu Trex No:3,590 ₺
futbol.html,Helix Futbol Topu TRB No:5,930 ₺
futbol.html,Helix Futbol Topu TRB No:4,910 ₺
futbol.html,Helix Futbol Topu Sirius No:5,750 ₺
futbol.html,Helix Futbol Topu Sirius No:4,740 ₺
futbol.html,Helix Futbol Topu Quick Pro No:5,550 ₺
futbol.html,Helix Futbol Topu Quick Pro No:4,550 ₺
futbol.html,Helix Futbol Topu NS Quick No:5,550 ₺
futbol.html,Helix Futbol Topu Hybrid Unity No:5,650 ₺
futbol.html,Helix Futbol Topu Hybrid Unity No:4,650 ₺
futbol.html,Helix Futbol Topu Hybrid No:5,860 ₺
futbol.html,Helix Futbol Topu Hybrid No:4,710 ₺
futbol.html,Helix Futbol Topu Game No:5,610 ₺
futbol.html,Helix Futbol Topu Game No:4,570 ₺
futbol.html,Helix Futbol Topu Force No:5,540 ₺
futbol.html,Helix Futbol Topu Force No:4,500 ₺
futbol.html,Helix Futbol Topu Force No:3,510 ₺
futbol.html,Helix Futbol Topu Extreme No:5,730 ₺
futbol.html,Helix Futbol Antrenman Topu İpli RTB-3 No:3,470 ₺
futbol.html,Helix Futbol Antrenman Topu İpli RTB-5 No:5,500 ₺
futbol.html,Helix Futbol Topu Ballista No:5,440 ₺
futbol.html,Helix Futbol Topu Işıklı FL-1 No:5,890 ₺
futbol.html,Helix Futbol Topu NS Quick No:4,550 ₺
futbol.html,Helix Futbol Topu Extreme No:4,730 ₺
futbol.html,Helix Futbol Antrenman Topu İpli RTB-4 No:4,490 ₺
futbol.html,Helix Futbol Topu Pleco No:5,570 ₺
futbol.html,Helix Futbol Topu Premier No:5,790 ₺
futbol.html,Helix Futbol Topu Quick No:5,630 ₺
futbol.html,Hyper Futbol Topu Blaze No:5,220 ₺
futbol.html,Helix Futbol Topu Sannleika No:5 FIFA Quality Pro,1.930 ₺
futbol.html,PLATINO PRO HATTRICK NO:5,720 ₺
futbol.html,PLATINO PRO HATTRICK NO:4,740 ₺
futbol.html,PROGOLD HATTRICK NO:5,720 ₺
futbol.html,PROGOLD ALTIS NO:4,720 ₺
futbol.html,ORBIT HATTRICK,680 ₺
futbol.html,HYBIRD FUTSAL HATTRICK NO:4,700 ₺
futbol.html,FUTSAL PRO HATTRICKNO:4,720 ₺
futbol.html,CALCIO HATTRICK NO:5,720 ₺
futbol.html,NOVA HATTRICK NO:4,560 ₺
futbol.html,IMPEL ALTIS NO:4,540 ₺
futbol.html,THERMO PLUS HATTRICK NO:4,610 ₺
futbol.html,SCORE HATTRICK NO:4,650 ₺
futbol.html,NOVA NEW HATTRICK NO:5,640 ₺
futbol.html,SOLERA HATTRICK NO :5,580 ₺
futbol.html,FLEETY HATTRICK NO:5,620 ₺
futbol.html,SCORE HATTRICK NO:5,650 ₺
futbol.html,THERMO PLUS HATTRICK NO:5,620 ₺
futbol.html,ATTAKER HATTRICK NO :5,680 ₺
futbol.html,ULTIMAX HATTRICK NO:5,680 ₺
futbol.html,HYBIRD900 HATTRICK NO:5,680 ₺
gulleler.html,Helix Gülle G-3 3kg,620 ₺
gulleler.html,Helix Gülle G-4 4kg,820 ₺
gulleler.html,Helix Gülle G-5 5kg,1.030 ₺
gulleler.html,Helix Gülle G-6 6kg,1.230 ₺
gulleler.html,"Helix Gülle G-7 7,26kg",1.440 ₺
gulleler.html,Vinex Gülle Antrenman VSP-380 2kg,1.240 ₺
gulleler.html,Vinex Gülle VSP-300 4kg WA Onaylı,1.950 ₺
gulleler.html,Vinex Gülle VSP-300C 3kg WA Onaylı,1.490 ₺
gulleler.html,Vinex Gülle VSP-315A 5kg WA Onaylı,1.970 ₺
gulleler.html,Vinex Gülle VSP-320 7.26kg WA Onaylı,2.400 ₺
gulleler.html,Vinex Gülle VSP-325B 6kg WA Onaylı,2.440 ₺
halatlar.html,Helix Crossfit Antrenman Halatı CR-15 15m,3.450 ₺
halatlar.html,Helix Crossfit Antrenman Halatı CR-12 12m,2.840 ₺
halatlar.html,Helix Crossfit Antrenman Halatı CR-10 10m,2.500 ₺
halatlar.html,Helix Çekme Halatı BR-14 14m,4.750 ₺
hentbol.html,HB60 HATTRICK,480 ₺
hentbol.html,Helix Hentbol Kale Filesi HKF-3,1.320 ₺
hentbol.html,Helix Hentbol Kale Filesi N320H,1.050 ₺
hentbol.html,Trimona Hentbol Wax Trimo257 250gr,1.350 ₺
hentbol.html,Trimona Hentbol Wax Trimo507 500gr,2.100 ₺
hentbol.html,Trimona Hentbol Wax Trimo907 1kg,3.300 ₺
hentbol.html,HB62 HATTRICK,480 ₺
hentbol.html,HB64 HATTRICK,480 ₺
hentbol.html,Helix Hentbol Topu Prime No:0,870 ₺
hentbol.html,Helix Hentbol Topu Hybrid Pro No:3,650 ₺
hentbol.html,Helix Hentbol Topu Hybrid Pro No:2,650 ₺
hentbol.html,Helix Hentbol Topu Hybrid Pro No:1,650 ₺
hentbol.html,Helix Hentbol Topu Kauçuk RH No:3,370 ₺
hentbol.html,Helix Hentbol Topu Kauçuk RH No:2,330 ₺
hentbol.html,Helix Hentbol Topu Kauçuk RH No:1,310 ₺
hentbol.html,Helix Hentbol Topu Kauçuk RH No:0,280 ₺
hentbol.html,Helix Hentbol Topu Kauçuk JHB Pembe No:2,230 ₺
hentbol.html,Helix Hentbol Topu Kauçuk JHB Mavi No:1,230 ₺
hentbol.html,Helix Hentbol Topu Prime No:3,870 ₺
hentbol.html,Helix Hentbol Topu Prime No:2,870 ₺
hentbol.html,Helix Hentbol Topu Prime No:1,870 ₺
hentbol.html,Helix Hentbol Topu Hybrid No:3,980 ₺
hentbol.html,Helix Hentbol Topu Hybrid No:2,980 ₺
hentbol.html,Helix Hentbol Topu Hybrid No:1,980 ₺
hentbol.html,Helix Hentbol Kalesi Portatif Fiber HG-1,3.670 ₺
hokey-ekipmanlari.html,Brabo Kaleci Çantası Tekerlekli,8.830 ₺
hokey-ekipmanlari.html,Helix Hokey Taktik Tahtası HTT-10 32×42cm,530 ₺
hokey-sopalari.html,Helix Hokey Sopası Blizzard Siyah 36.5,7.750 ₺
hokey-sopalari.html,Helix Hokey Sopası Blizzard YeşilBeyaz 36.5,7.750 ₺
hokey-sopalari.html,Helix Hokey Sopası Rush Beyaz 36.5,8.070 ₺
hokey-sopalari.html,Helix Hokey Sopası Rush Siyah 36.5,8.070 ₺
hokey-sopalari.html,Helix Hokey Sopası Tornado Siyah 36.5,8.060 ₺
hokey.html,Helix Hokey İpli Antrenman Topu Beyaz,470 ₺
hokey.html,Helix Hokey İpli Antrenman Topu Pembe,470 ₺
hokey.html,Helix Hokey İpli Antrenman Topu Sarı,470 ₺
hokey.html,Helix Hokey İpli Antrenman Topu Yeşil,470 ₺
hokey.html,Helix Hokey Topu Indoor 6'lı Beyaz,1.310 ₺
hokey.html,Helix Hokey Topu Indoor 6'lı Sarı,1.310 ₺
hokey.html,Helix Hokey Topu Indoor 6'lı Turuncu,1.310 ₺
hokey.html,Helix Hokey Topu Match 6 'lı Beyaz,4.240 ₺
hokey.html,Helix Hokey Topu Match 6 'lı Sarı,4.240 ₺
hokey.html,Helix Hokey Topu Match 6 'lı Turuncu,4.240 ₺
hokey.html,Helix Hokey Topu Prime 1 Outdoor 6'lı Beyaz,1.480 ₺
hokey.html,Helix Hokey Topu Prime 1 Outdoor 6'lı Turuncu,1.480 ₺
hokey.html,Helix Hokey Topu Prime 2 Outdoor 6'lı Beyaz,1.010 ₺
hokey.html,Helix Hokey Topu Prime 2 Outdoor 6'lı Sarı,1.010 ₺
hokey.html,Helix Hokey Topu Prime 2 Outdoor 6'lı Turuncu,1.010 ₺
index-yeni.html,Helix Dart Tahtası DBSA-30 WDF Onaylı,2.750 ₺
index-yeni.html,Helix Futbol Topu Hybrid Unity No:5,650 ₺
index-yeni.html,PLATINO PRO HATTRICK NO:5,720 ₺
index-yeni.html,Summit SMT-X360,560 ₺
index-yeni.html,PROFINAL HATTRİCK,330 ₺
index-yeni.html,Helix Basketbol Topu Wizard RX8 No:7,370 ₺
index.html,Helix Dart Tahtası DBSA-30 WDF Onaylı,2.750 ₺
index.html,Helix Futbol Topu Hybrid Unity No:5,650 ₺
index.html,PLATINO PRO HATTRICK NO:5,720 ₺
index.html,Summit SMT-X360,560 ₺
index.html,PROFINAL HATTRİCK,330 ₺
index.html,Helix Basketbol Topu Wizard RX8 No:7,370 ₺
kaleci-eldivenleri.html,BLADE HATTRICK,410 ₺
kaleci-eldivenleri.html,BLADE HATTRICK 1,410 ₺
kaleci-eldivenleri.html,CORNER HATTRICK,350 ₺
kaleci-eldivenleri.html,FUTURE HATTRICK,720 ₺
kaleci-eldivenleri.html,Helix Kaleci Eldiveni CGK,320 ₺
kaleci-eldivenleri.html,Helix Kaleci Eldiveni CGK 1,320 ₺
kaleci-eldivenleri.html,Helix Kaleci Eldiveni GK,1.180 ₺
kaleci-eldivenleri.html,Helix Kaleci Eldiveni GKG,460 ₺
kaleci-eldivenleri.html,Helix Kaleci Eldiveni GKM,770 ₺
kaleci-eldivenleri.html,Helix Kaleci Eldiveni Siena,460 ₺
kaleci-eldivenleri.html,MATCH HATTRICK,680 ₺
kaleci-eldivenleri.html,MATCH HATTRICK 1,680 ₺
kaleci-eldivenleri.html,PROLIFE HATTRICK,640 ₺
kaleci-eldivenleri.html,PROLIFE HATTRICK 1,640 ₺
kano.html,Helix SUP Şişme Kürek Sörfü PLB 10'6'',14.510 ₺
kano.html,Helix SUP Şişme Kürek Sörfü PLB 11'',14.510 ₺
kasklar.html,Helix Kask,770 ₺
kasklar.html,Helix WX-13 Kask,660 ₺
kasklar.html,Helix WX-13 Kask 1,660 ₺
kasklar.html,Helix WX-13 Kask2,660 ₺
kaykay.html,Helix Kaykay KA-8 78x20cm,980 ₺
kaykay.html,Helix Kaykay KB-8 78x20cm,980 ₺
kettlebell.html,Helix Kettlebell Vinil KB-24 24kg,5.410 ₺
kettlebell.html,Helix Kettlebell Vinil KB-20 20kg,4.510 ₺
kettlebell.html,Helix Kettlebell Vinil KB-5 5kg,1.050 ₺
kettlebell.html,Helix Kettlebell Vinil KB-3 3kg,630 ₺
kettlebell.html,Helix Kettlebell Vinil KB-18 18kg,3.780 ₺
kettlebell.html,Helix Kettlebell Vinil KB-16 16kg,3.610 ₺
kettlebell.html,Helix Kettlebell Vinil KB-14 14kg,2.940 ₺
kettlebell.html,Helix Kettlebell Vinil KB-12 12kg,2.710 ₺
kettlebell.html,Helix Kettlebell Vinil KB-10 10kg,2.260 ₺
kettlebell.html,Helix Kettlebell Vinil KTB-8 8kg,1.810 ₺
kettlebell.html,Helix Kettlebell Vinil KB-6 6kg,1.360 ₺
kettlebell.html,Helix Kettlebell Vinil KB-4 4kg,910 ₺
kettlebell.html,Helix Kettlebell Vinil KB-2 2kg,430 ₺
kettlebell.html,Helix Kettlebell Neopren NK-20 20kg,4.550 ₺
kettlebell.html,Helix Kettlebell Neopren NK-2 2kg,480 ₺
masa-tenisi-malzemeleri.html,ADS10 ALTIS,110 ₺
masa-tenisi-malzemeleri.html,ADS11 ALTIS,110 ₺
masa-tenisi-malzemeleri.html,HDT55 HATTRICK,490 ₺
masa-tenisi-malzemeleri.html,ADS14 ALTIS,320 ₺
masa-tenisi-malzemeleri.html,ADS16 ALTIS,440 ₺
masa-tenisi-malzemeleri.html,EVEREST 201A ALTIS,23.820 ₺
masa-tenisi-malzemeleri.html,Helix Masa Tenisi Masası TMTF 16mm,22.360 ₺
masa-tenisi-malzemeleri.html,Helix Masa Tenisi Masası Portatif TTB 12mm,13.500 ₺
masa-tenisi-malzemeleri.html,Helix Masa Tenisi Masası 18mm TMTF Onaylı,23.080 ₺
masa-tenisi-malzemeleri.html,Giant Dragon Masa Tenisi Masası Outdoor S7018 4mm,28.000 ₺
masa-tenisi-malzemeleri.html,Giant Dragon Masa Tenisi Masası 25mm ITTF Onaylı,56.990 ₺
masa-tenisi-malzemeleri.html,Helix Masa Tenisi Ağdemir Seti Dürbün RN959,330 ₺
masa-tenisi-malzemeleri.html,Helix Masa Tenisi Ağdemir Seti Dürbün RN942,330 ₺
masa-tenisi-malzemeleri.html,Helix Masa Tenisi Ağdemir Seti Dürbün RN935,330 ₺
masa-tenisi-malzemeleri.html,Helix Masa Tenisi Ağdemir Seti V200,620 ₺
masa-tenisi-malzemeleri.html,Helix Masa Tenisi Ağdemir Seti V100,900 ₺
masa-tenisi-malzemeleri.html,Helix Masa Tenisi Ağdemir Seti TTF-2,765 ₺
masa-tenisi-malzemeleri.html,Helix Masa Tenisi Ağdemir Seti TN-200,430 ₺
masa-tenisi-malzemeleri.html,Helix Masa Tenisi Ağdemir Seti B50,200 ₺
masa-tenisi-malzemeleri.html,Giant Dragon Masa Tenisi Ağdemir Seti ITTF Onaylı,1.550 ₺
masa-tenisi-toplari.html,PP200 SPORTICA,440 ₺
masa-tenisi-toplari.html,PTC100 ALTIS,770 ₺
masa-tenisi-toplari.html,PTC200 ALTIS,770 ₺
masa-tenisi-toplari.html,Helix Masa Tenisi Topu 100&#x27;lü D40+ 3 Yıldız,1.530 ₺
masa-tenisi-toplari.html,Helix Masa Tenisi Topu 100&#x27;lü D40+ 2 Yıldız,1.290 ₺
masa-tenisi-toplari.html,Hyper Masa Tenisi Topu 100&#x27;lü MT1 1 Yıldız,780 ₺
masa-tenisi-toplari.html,Giant Dragon Masa Tenisi Topu 6&#x27;lı 63066 3 Yıldız ITTF Onaylı,280 ₺
masa-tenisi-toplari.html,Giant Dragon Masa Tenisi Topu 100&#x27;lü D40+ 3 Yıldız ITTF Onaylı,2.320 ₺
masa-tenisi.html,TS2000 SPORTICA,130 ₺
masa-tenisi.html,MT100 HATTRICK,140 ₺
masa-tenisi.html,MT400 HATTRICK,320 ₺
masa-tenisi.html,MT5OO HATRICK,380 ₺
masa-tenisi.html,MTC200 ALTIS,200 ₺
masa-tenisi.html,SDT2020 ALTIS,190 ₺
masa-tenisi.html,SDT3535 HATTRICK,330 ₺
masa-tenisi.html,SDT4040 HATTRICK,350 ₺
masa-tenisi.html,SDT2525 ALTIS,290 ₺
masa-tenisi.html,SDT5050 HATTRICK,370 ₺
masa-tenisi.html,Hyper Masa Tenisi Raketi 5 Yıldız,240 ₺
masa-tenisi.html,Hyper Masa Tenisi Raketi 4 Yıldız,190 ₺
masa-tenisi.html,Hyper Masa Tenisi Raketi 3 Yıldız,160 ₺
masa-tenisi.html,Hyper Masa Tenisi Raketi 2 Yıldız,130 ₺
masa-tenisi.html,Helix Masa Tenisi Raketi Velon 6 Yıldız ITTF Onaylı,1.060 ₺
masa-tenisi.html,Helix Masa Tenisi Raketi Synergy 5 Yıldız ITTF Onaylı,500 ₺
masa-tenisi.html,Helix Masa Tenisi Raketi Meteor 2 Yıldız ITTF Onaylı,250 ₺
masa-tenisi.html,Helix Masa Tenisi Raketi Impression 3 Yıldız ITTF Onaylı,280 ₺
masa-tenisi.html,Helix Masa Tenisi Raketi Hunter 4 Yıldız ITTF Onaylı,420 ₺
masa-tenisi.html,Helix Masa Tenisi Raketi Axia 7 Yıldız ITTF Onaylı,1.660 ₺
masa-tenisi.html,Hyper Masa Tenisi Raket Seti TTR 5 Yıldız,210 ₺
masa-tenisi.html,Helix Masa Tenisi Raket Seti Meteor 2 Yıldız ITTF Onaylı,440 ₺
masa-tenisi.html,Reactor Masa Tenisi Raket Seti RTR-99 5 Yıldız ITTF Onaylı,760 ₺
oryantiring.html,Helix El Pusula OC-50,330 ₺
oryantiring.html,Helix Hedef Bayrağı HB 15x15cm,330 ₺
oryantiring.html,Helix Hedef Bayrağı HB 30x30cm,380 ₺
oryantiring.html,Helix Oryantiring Zımbası OP-100 10'lu,2.220 ₺
oryantiring.html,Helix Pusula Parmak OC-100,360 ₺
oyun-grubu.html,Helix Balon Multicolor CB 100'lü,140 ₺
oyun-grubu.html,Helix Frizbi FZ-8,35 ₺
oyun-grubu.html,Helix Oyun Brandası Beyaz WPT-10,1.170 ₺
oyun-grubu.html,Helix Oyun Brandası Seksek SOB-120,1.030 ₺
oyun-grubu.html,Helix Trambolin Kısa Fileli HTS 55  Turuncu,5.640 ₺
oyun-grubu.html,Helix Trambolin Kısa Fileli HTS 55 Mavi,4.670 ₺
oyun-grubu.html,Helix Trambolin Uzun Fileli HTL 55 Kırmızı,4.660 ₺
oyun-grubu.html,Helix Zıp Zıp Top JB,310 ₺
oyun-grubu.html,Helix Çocuk Paraşüt AP-8,2.300 ₺
oyun-grubu.html,Helix Çocuk Zıplama Çuvalı JC-70,400 ₺
padel.html,Helix Padel Raket Fiber FPD-10,3.450 ₺
padel.html,Helix Padel Raket Karbon CPD-20,4.230 ₺
padel.html,Helix Padel Raket Karbon Fiber PDL-10,3.930 ₺
padel.html,Helix Padel Topu PBBX-3,300 ₺
paten.html,Helix Paten - Pembe,2.970 ₺
paten.html,Helix Paten PST100 - Kırmızı,33.840 ₺
paten.html,Helix Paten PST100 - Turuncu,33.840 ₺
paten.html,Helix Paten PST100 - Yeşil,33.840 ₺
paten.html,Helix Paten SS Siyah,2.900 ₺
pickleball.html,Helix Pickleball Filesi Portatif,5.210 ₺
pickleball.html,Helix Pickleball Seti Ahşap WPB-2,620 ₺
pickleball.html,Helix Pickleball Seti Fiber FPB-2,1.800 ₺
pickleball.html,Helix Pickleball Seti Karbon CPB-1,1.550 ₺
pickleball.html,Helix Pickleball Topu PT 4'lü,130 ₺
pilates-cemberleri.html,PİLATES ÇEMBERİ PR10 HATTRICK,330 ₺
pilates-cemberleri.html,Helix Pilates Çemberi PR-40 Pembe,290 ₺
pilates-cemberleri.html,Helix Pilates Çemberi PR-40 Mavi,290 ₺
plaka-ve-plaka-setleri.html,"DÖKÜM PLAKA SDA 7,5",680 ₺
plaka-ve-plaka-setleri.html,DÖKÜM PLAKA SDA10,910 ₺
plaka-ve-plaka-setleri.html,"DÖKÜM PLAKA SDA12,5",1.140 ₺
plaka-ve-plaka-setleri.html,DÖKÜM PLAKA SDA15,1.360 ₺
plaka-ve-plaka-setleri.html,DÖKÜM PLAKA SDA20,1.880 ₺
plaka-ve-plaka-setleri.html,"KROM PLAKA KP0,5",60 ₺
plaka-ve-plaka-setleri.html,KROM PLAKA KP1,110 ₺
plaka-ve-plaka-setleri.html,"KROM PLAKA KP1,5",170 ₺
plaka-ve-plaka-setleri.html,KROM PLAKA KP2,210 ₺
plaka-ve-plaka-setleri.html,"KROM PLAKA KP2,5",250 ₺
plaka-ve-plaka-setleri.html,KROM PLAKA KP3,310 ₺
plaka-ve-plaka-setleri.html,KROM PLAKA KP4,410 ₺
plaka-ve-plaka-setleri.html,KROM PLAKA KP5,530 ₺
plaka-ve-plaka-setleri.html,"KROM PLAKA KP7,5",750 ₺
plaka-ve-plaka-setleri.html,KROM PLAKA KP10,1.090 ₺
plaka-ve-plaka-setleri.html,"KROM PLAKA KP12,5",1.320 ₺
plaka-ve-plaka-setleri.html,KROM PLAKA KP15,1.550 ₺
plaka-ve-plaka-setleri.html,KROM PLAKA KP20,2.110 ₺
plaka-ve-plaka-setleri.html,Helix Olimpik Plaka Kauçuk Kaplı RP-25 25kg,7.090 ₺
plaka-ve-plaka-setleri.html,Helix Olimpik Plaka Kauçuk Kaplı RP-20 20kg,5.670 ₺
plaka-ve-plaka-setleri.html,Helix Olimpik Plaka Kauçuk Kaplı RP-15 15kg,4.260 ₺
plaka-ve-plaka-setleri.html,Helix Olimpik Plaka Kauçuk Kaplı RP-10 10kg,2.840 ₺
plaka-ve-plaka-setleri.html,Helix Olimpik Plaka Kauçuk Kaplı RP-7 7.5kg,2.140 ₺
plaka-ve-plaka-setleri.html,Helix Olimpik Plaka Kauçuk Kaplı RP-5 5kg,1.420 ₺
plaka-ve-plaka-setleri.html,Helix Olimpik Plaka Kauçuk Kaplı RP-2 2.5kg,710 ₺
plaka-ve-plaka-setleri.html,Helix Gri Plaka Set CPD-20 20kg,4.350 ₺
plaka-ve-plaka-setleri.html,Helix Gri Plaka Set CPD-15 15kg,3.900 ₺
plaka-ve-plaka-setleri.html,Helix Gri Plaka Set CPD-10 10kg,2.400 ₺
plaka-ve-plaka-setleri.html,Helix Gri Plaka GP-50 5kg,920 ₺
plaka-ve-plaka-setleri.html,Helix Gri Plaka GP-25 2.5kg,460 ₺
plaka-ve-plaka-setleri.html,Helix Gri Plaka GP-10 10kg,1.760 ₺
ragbi.html,Helix Ragbi Mücadele Üst Minderi RM-2 80x44x25cm,2.550 ₺
ragbi.html,Helix Ragbi Topu RGB No 4 TRF Onaylı,610 ₺
ragbi.html,Helix Ragbi Topu RGB No 5 TRF Onaylı,640 ₺
ragbi.html,Helix Ragbi Topu Surge No 5 TRF Onaylı,820 ₺
ragbi.html,Helix Ragbi Topu Talon No 5 TRF Onaylı,820 ₺
ragbi.html,Helix Ragbi Mücadele Minderi RM-1 80x46x25cm,2.550 ₺
saglik-toplari.html,Helix Sağlık Topu Zıplamayan RSB 10kg,920 ₺
saglik-toplari.html,Helix Sağlık Topu Zıplamayan RSB 12kg,970 ₺
saglik-toplari.html,Helix Sağlık Topu Zıplamayan RSB 1kg,380 ₺
saglik-toplari.html,Helix Sağlık Topu Zıplamayan RSB 2kg,430 ₺
saglik-toplari.html,Helix Sağlık Topu Zıplamayan RSB 3kg,480 ₺
saglik-toplari.html,Helix Sağlık Topu Zıplamayan RSB 4kg,500 ₺
saglik-toplari.html,Helix Sağlık Topu Zıplamayan RSB 5kg,620 ₺
saglik-toplari.html,Helix Sağlık Topu Zıplamayan RSB 6kg,660 ₺
saglik-toplari.html,Helix Sağlık Topu Zıplamayan RSB 8kg,800 ₺
saglik-toplari.html,Helix Sağlık Topu Zıplayan RB 10kg,2.800 ₺
saglik-toplari.html,Helix Sağlık Topu Zıplayan RB 12kg,3.260 ₺
saglik-toplari.html,Helix Sağlık Topu Zıplayan RB 1kg,590 ₺
saglik-toplari.html,Helix Sağlık Topu Zıplayan RB 2kg,790 ₺
saglik-toplari.html,Helix Sağlık Topu Zıplayan RB 3kg,1.030 ₺
saglik-toplari.html,Helix Sağlık Topu Zıplayan RB 4kg,1.240 ₺
saglik-toplari.html,Helix Sağlık Topu Zıplayan RB 5kg,1.500 ₺
saglik-toplari.html,Helix Sağlık Topu Zıplayan RB 6kg,1.740 ₺
saglik-toplari.html,Helix Sağlık Topu Zıplayan RB 8kg,3.640 ₺
saglik-toplari.html,MB10 SPORTICA,570 ₺
saglik-toplari.html,MB40 SPORTICA,1.140 ₺
saglik-toplari.html,MTB50 HATTRICK,1.280 ₺
satranc.html,Helix Matara Klasik SMB01 Satranç Takımı,310 ₺
satranc.html,Helix Matara Okul SMK02 Satranç Takımı,280 ₺
satranc.html,Helix Satranç Saati PS-1688,1.760 ₺
satranc.html,Helix Satranç Takımı Rulo RS10,170 ₺
satranc.html,Leap Satranç Saati KK9908 FIDE Onaylı,3.000 ₺
softball.html,Helix Softbol Topu Sert MSB-H12 TRF Onaylı,1.000 ₺
softball.html,Helix Softbol Topu Yumuşak MSB-S12 TRF Onaylı,1.000 ₺
squash.html,Helix Squash Raketi Buddie SQ-030,1.210 ₺
squash.html,Helix Squash Raketi Victory SQ-010,3.510 ₺
squash.html,Helix Squash Topu SB-40,380 ₺
stafet.html,Vinex Stafet RBA-S08 WA Onaylı,1.490 ₺
stafet.html,Vinex Stafet Seti RBP-S08,770 ₺
step-tahtalari.html,Helix Step Tahtası Aerobik SP-2B,1.930 ₺
step-tahtalari.html,Helix Step Tahtası Aerobik SP-2Y,1.930 ₺
step-tahtalari.html,Helix Step Tahtası SB-15,800 ₺
su-topu.html,Helix Su Topu Kalesi WPG10,153.300 ₺
su-topu.html,Helix Su Topu WP4 No 4,430 ₺
su-topu.html,Helix Su Topu WP5 No 5,430 ₺
su-topu.html,K7 Su Topu HydroGrip No 3 WA Onaylı,4.780 ₺
su-topu.html,K7 Su Topu HydroGrip No 4 WA Onaylı,5.970 ₺
su-topu.html,K7 Su Topu HydroGrip No 5 WA Onaylı,5.970 ₺
sungerler.html,Helix Yüzme Tahtası Pullboy PB3,230 ₺
sungerler.html,Helix Yüzme Tahtası Pullboy PB4,230 ₺
sungerler.html,Helix Yüzme Tahtası Pullboy PB2,230 ₺
sungerler.html,Helix Yüzme Tahtası Pullboy PB1,230 ₺
sungerler.html,Helix Yüzme Tahtası YTB,130 ₺
sungerler.html,Helix Yüzme Tahtası YTA,290 ₺
sungerler.html,Helix Hizalama Tahtası PHT,440 ₺
sungerler.html,Helix Yüzme Makarnası YM-150,40 ₺
tenis-fileleri.html,Helix Tenis Filesi TAF-1,2.560 ₺
tenis-fileleri.html,Helix Tenis Filesi Müsabaka TAF- 2,6.660 ₺
tenis-fileleri.html,Helix Tenis Filesi Standart N670T S,4.280 ₺
tenis-fileleri.html,Helix Portatif Ayak Tenisi Filesi PT-6m,3.170 ₺
tenis-fileleri.html,Helix Portatif Ayak Tenisi Filesi PT-3m,2.060 ₺
tenis-malzemeleri.html,Helix Tenis Sepeti Metal TL110,1.800 ₺
tenis-malzemeleri.html,Helix Top Taşıma Sepeti TL100,4.080 ₺
tenis-malzemeleri.html,Helix Tenis Kordajı,250 ₺
tenis-malzemeleri.html,Helix Tenis Robotu,82.570 ₺
tenis-malzemeleri.html,Helix Tenis Direği TD-100,6.740 ₺
tenis-malzemeleri.html,Vinex Tenis Kortu Zemin Silindiri VTCFR-S100,16.980 ₺
tenis-malzemeleri.html,Helix Tenis Kortu Portatif RP12-4,1.110 ₺
tenis-malzemeleri.html,Helix Otomatik Top Toplayıcı T120,2.460 ₺
tenis-malzemeleri.html,Helix Tenis Top Kovası KV72,520 ₺
tenis-malzemeleri.html,Helix Tenis Topu Toplama Tüpü CL18,720 ₺
tenis-malzemeleri.html,Helix Tenis Topu Toplama Tüpü CL15,680 ₺
tenis-overgrip-sac-bandi-bileklikler.html,Helix Overgrip 60X BG60,2.840 ₺
tenis-overgrip-sac-bandi-bileklikler.html,Helix Overgrip BG3 Beyaz,180 ₺
tenis-overgrip-sac-bandi-bileklikler.html,Helix Overgrip BG3 Siyah,180 ₺
tenis-overgrip-sac-bandi-bileklikler.html,Helix Kafa Bandı,110 ₺
tenis-overgrip-sac-bandi-bileklikler.html,Helix Tenis Bilek Bandı,160 ₺
tenis-sort-ve-etekleri.html,Helix Tenis Eteği TE-B,1.090 ₺
tenis-sort-ve-etekleri.html,Helix Tenis Eteği TE-K,1.090 ₺
tenis-sort-ve-etekleri.html,Helix Tenis Şortu TS-B,1.090 ₺
tenis-sort-ve-etekleri.html,Helix Tenis Şortu TS-K,1.090 ₺
tenis-toplari.html,TP400 ALTIS,150 ₺
tenis-toplari.html,TP450 ALTIS,150 ₺
tenis-toplari.html,TP300 HATTRICK,220 ₺
tenis-toplari.html,TP600 HATTRICK,220 ₺
tenis-toplari.html,TP650 HATTRICK,230 ₺
tenis-toplari.html,TP100PRO HATTRICK,400 ₺
tenis-toplari.html,TP200 ALTIS,400 ₺
tenis-toplari.html,Helix Tenis Topu Elastik İpli STB- 10,170 ₺
tenis-toplari.html,Helix Tenis Topu Profesyonel 3&#x27;lü TN-100 Antrenman,200 ₺
tenis-toplari.html,Helix Tenis Topu Profesyonel 3&#x27;lü TN-1000 Müsabaka TTF&amp;ITF Onaylı,220 ₺
tenis-toplari.html,Helix Tenis Topu Profesyonel 36&#x27;lı Antrenman ITF Onaylı,2.440 ₺
tenis-toplari.html,Helix Tenis Topu 9+ yaş 3&#x27;lü HT- 100 Yeşil TTF&amp;ITF Onaylı,200 ₺
tenis-toplari.html,Helix Tenis Topu 9+ yaş 36&#x27;lı HT- 600 ITF Onaylı,1.940 ₺
tenis-toplari.html,Helix Tenis Topu 8+ yaş 3&#x27;lü HT- 200 TTF&amp;ITF Onaylı,200 ₺
tenis-toplari.html,Helix Tenis Topu 8+ yaş 36&#x27;lı HT- 700 ITF Onaylı,1.940 ₺
tenis-toplari.html,Helix Tenis Topu 4-7 yaş 3&#x27;lü HT- 300 TTF&amp;ITF Onaylı,200 ₺
tenis-toplari.html,Helix Tenis Topu 4-7 yaş 36&#x27;lı HT- 800 ITF Onaylı,1.940 ₺
tenis.html,ATS19 HATTRICK,590 ₺
tenis.html,ATS21 HATTRICK,620 ₺
tenis.html,ATS23 HATTRICK,630 ₺
tenis.html,ATS25 HATTRICK,640 ₺
tenis.html,ATS26 HATTRICK,670 ₺
tenis.html,ATS27 HATTRICK,670 ₺
tenis.html,T101 21-23 HATTRICK,770 ₺
tenis.html,T101 25-26 HATTRICK,790 ₺
tenis.html,T202 L1-L2-L3 HATTRICK,790 ₺
tenis.html,S900 S HATTRICK,1.020 ₺
tenis.html,Helix Tenis Raketi Majesty ND 19&quot; L2 Grip,800 ₺
tenis.html,Helix Tenis Raketi Majesty 19&quot; L2 Grip,800 ₺
tenis.html,Helix Tenis Raketi Majesty 26&quot; L1 Grip,850 ₺
tenis.html,Helix Tenis Raketi Majesty 23&#x27;&#x27;,730 ₺
tenis.html,Helix Tenis Raketi Winner 25&#x27;&#x27; L2 Grip,1.130 ₺
tenis.html,Helix Tenis Raketi Winner 27&quot; L3 Grip,1.130 ₺
tenis.html,Helix Tenis Raketi Winner 27&quot; L2 Grip,1.130 ₺
tenis.html,Helix Tenis Raketi Winner 27&quot; L1 Grip,1.130 ₺
tenis.html,Helix Tenis Raketi Winner 26&quot; L2 Grip,1.130 ₺
tenis.html,Helix Tenis Raketi Winner 26&quot; L1 Grip,1.160 ₺
tenis.html,Helix Tenis Raketi Winner 26&quot; L0 Grip,1.160 ₺
tenis.html,Helix Tenis Raketi Winner 25&#x27;&#x27; L0 Grip,1.160 ₺
tenis.html,Helix Tenis Raketi TR01 25&#x27;&#x27;,610 ₺
tenis.html,Helix Tenis Raketi Majesty 25&#x27;&#x27;,750 ₺
tenis.html,Helix Tenis Raketi Majesty 21&#x27;&#x27;,720 ₺
tenis.html,Helix Tenis Raketi Majesty 27&quot;,760 ₺
tenis.html,Helix Tenis Raketi Invict 27&quot; L1 Grip,2.630 ₺
tenis.html,Helix Tenis Raketi Invict Carbon 27&quot; L3 Grip,2.630 ₺
tenis.html,Helix Tenis Raketi Invict Carbon 27&quot; L2 Grip,2.630 ₺
tenis.html,Helix Tenis Raketi Invict Carbon 26&quot; L2 Grip,2.630 ₺
tenis.html,Helix Tenis Raketi Invict Carbon 25&#x27;&#x27; L3 Grip,2.630 ₺
tenis.html,Helix Tenis Raketi Invict Carbon 27&quot; L1 Grip,2.730 ₺
tenis.html,Helix Tenis Raketi Invict Carbon 26&quot; L1 Grip,2.730 ₺
tenis.html,Helix Tenis Raketi Invict Carbon 25&#x27;&#x27; L0 Grip,2.730 ₺
trambolin.html,Firefly Kare Trambolin FKT-122,41.850 ₺
trambolin.html,Firefly Tramplen 5 Yaylı GT-120,29.710 ₺
trambolin.html,Helix Trambolin Mini HTM-40 40'',2.640 ₺
trambolin.html,Helix Trambolin TP-M40 Kırmızı 40,3.010 ₺
trambolin.html,Helix Trambolin TP-M40 Mavi 40'',3.010 ₺
trambolin.html,Helix Trambolin Tutacaklı HTH-53 53'',5.470 ₺
voleybol-aksesuarlari.html,Helix Voleybol Dizliği KP-100,540 ₺
voleybol-aksesuarlari.html,Helix Voleybol Dizliği KPS-100,190 ₺
voleybol-aksesuarlari.html,Helix Voleybol Anteni VA180,900 ₺
voleybol-aksesuarlari.html,Helix Voleybol Filesi Antrenman,1.700 ₺
voleybol-aksesuarlari.html,VOLEYBOL TAKTİK TAHTASI TK10V,170 ₺
voleybol-aksesuarlari.html,VOLEYBOL TAKTİK TAHTASI TK20V,170 ₺
voleybol.html,BV100 ALTIS,190 ₺
voleybol.html,PROFINAL HATTRİCK,330 ₺
voleybol.html,PROSTAR HATTRICK,430 ₺
voleybol.html,ALT350 HATTRICK,510 ₺
voleybol.html,PROEVA 5000 HATTRICK,500 ₺
voleybol.html,Helix Voleybol Topu Hygroscopic HV-10,610 ₺
voleybol.html,Hyper Voleybol Topu V800,250 ₺
voleybol.html,Helix Voleybol Topu Işıklı VL-1,920 ₺
voleybol.html,Helix Voleybol Topu Smaç Eğitim RTV-5,470 ₺
voleybol.html,Helix Spike Mini Voleybol Topu,770 ₺
voleybol.html,Helix Voleybol Topu Sante T500,380 ₺
voleybol.html,Helix Voleybol Topu Rise,490 ₺
voleybol.html,Helix Voleybol Topu Neon,620 ₺
voleybol.html,Helix Voleybol Topu MPV-500,610 ₺
voleybol.html,Helix Voleybol Topu Icon,810 ₺
voleybol.html,Helix Voleybol Topu Hygroscopic L100,600 ₺
voleybol.html,Helix Voleybol Topu Golden,710 ₺
voleybol.html,Summit SMT-X360,560 ₺
voleybol.html,Summit SMT-X340,840 ₺
voleybol.html,Summit SMT-X320,1.230 ₺
voleybol.html,Summit SMT-X300,1.530 ₺
yoga-bloklari.html,YOGA BLOĞU HR20,150 ₺
yoga-bloklari.html,Helix Yoga Bloğu YBK-5,140 ₺
yoga-bloklari.html,Helix Yoga Bloğu YBK-1,140 ₺
yoga-bloklari.html,Helix Yoga Bloğu YBK-2,140 ₺
yoga-bloklari.html,Helix Yoga Bloğu YBK-3,140 ₺
yoga-bloklari.html,Helix Yoga Bloğu YBK-4,140 ₺
yoga-malzemeleri.html,PİLATES TOPU POMPASI EP31,70 ₺
yoga-malzemeleri.html,Helix Yoga Hamak YH991,2.650 ₺
yoga-malzemeleri.html,Helix Yoga Diz ve Dirsek Pedi YK- 1,500 ₺
yoga-mat-pilates-bantlari.html,PİLATES BANDI LB10,150 ₺
yoga-mat-pilates-bantlari.html,PİLATES BANDI DL50,80 ₺
yoga-mat-pilates-bantlari.html,DİRENÇ LASTİĞİ SPS10,130 ₺
yoga-mat-pilates-bantlari.html,DİRENÇ LASTİĞİ GB35,170 ₺
yoga-mat-pilates-bantlari.html,MAT HM60 HATTRICK,400 ₺
yoga-mat-pilates-bantlari.html,MAT HM58 HATTRICK,440 ₺
yoga-mat-pilates-bantlari.html,MAT EM30 HATTRICK,490 ₺
yoga-mat-pilates-bantlari.html,MAT SPU183 LİFEFIT,490 ₺
yoga-mat-pilates-bantlari.html,MAT HM61 HATTRICK,660 ₺
yoga-mat-pilates-bantlari.html,MAT HM50 HATTRICK,660 ₺
yoga-mat-pilates-bantlari.html,MAT EM10 HATTRICK,680 ₺
yoga-mat-pilates-bantlari.html,Helix Pilates Bandı 3&#x27;lü 120 cm,250 ₺
yoga-mat-pilates-bantlari.html,Helix Pilates Bandı PB-35mm,70 ₺
yoga-mat-pilates-bantlari.html,Helix Pilates Bandı Rulo RPB- 35mm,2.130 ₺
yoga-mat-pilates-bantlari.html,Helix Pilates Bandı Rulo RPB- 25mm,1.680 ₺
yoga-mat-pilates-bantlari.html,Helix Pilates Bandı Rulo RPB- 45mm,2.750 ₺
yoga-mat-pilates-bantlari.html,Helix Pilates Bandı PB-50,90 ₺
yoga-mat-pilates-bantlari.html,Helix Pilates Bandı PB-40,90 ₺
yoga-mat-pilates-bantlari.html,Helix Pilates Bandı PB-30,90 ₺
yoga-mat-pilates-bantlari.html,Helix Pilates Bandı PB-90cm 3&#x27;lü,190 ₺
yoga-mat-pilates-bantlari.html,Helix Pilates Bandı PBS-150cm 3&#x27;lü,310 ₺
yoga-mat-pilates-bantlari.html,Helix Pilates Matı TPE-100 Mor,820 ₺
yoga-mat-pilates-bantlari.html,Helix Pilates Matı TPE-200 Pembe,820 ₺
yoga-mat-pilates-bantlari.html,Helix Pilates Matı TPE-300 Yeşil,780 ₺
yoga-mat-pilates-bantlari.html,Helix Pilates Matı PM-65 Gri,130 ₺
yoga-mat-pilates-bantlari.html,Helix Yoga Matı NBR 10mm,480 ₺
yoga-mat-pilates-bantlari.html,Helix Yoga Matı PVC 4mm,340 ₺
yoga-mat-pilates-bantlari.html,Helix Yoga Matı NBR 16mm,640 ₺
yoga-pilates.html,PİLATES TOPU HB20 HATTRICK,100 ₺
yoga-pilates.html,PİLATES TOPU HB55 HATTRICK,400 ₺
yoga-pilates.html,PİLATES TOPU HB65 HATTRICK,410 ₺
yoga-pilates.html,PİLATES TOPU HB75 HATTRICK,490 ₺
yoga-pilates.html,PİLATES TOPU FISTIK HB90,400 ₺
yoga-pilates.html,PİLATES TOPU LASTİKLİ HB70,450 ₺
yoga-pilates.html,BOSUBALL BL30 HATTRICK,2.210 ₺
yoga-pilates.html,Helix Pilates Topu BS 20cm,100 ₺
yoga-pilates.html,Helix Pilates Topu BS 25cm,130 ₺
yoga-pilates.html,Helix Pilates Topu PT 75cm,510 ₺
yoga-pilates.html,Helix Pilates Topu PT 65cm,490 ₺
yoga-pilates.html,Helix Pilates Topu PT 55cm,510 ₺
yoga-roller.html,YOGA ROLLER HR10,420 ₺
yoga-roller.html,Helix Roller EFR-2 Pembe/Mor,260 ₺
yoga-roller.html,Helix Roller EFR-1 Mavi/Turuncu,260 ₺
yuzme-malzemeleri.html,Helix Yüzme Antrenman Paraşütü SEB-2,1.280 ₺
yuzme-malzemeleri.html,Helix Şnorkel Seti JAS100,920 ₺
yuzme-malzemeleri.html,Helix Şnorkel Seti AS150,1.290 ₺
yuzme-malzemeleri.html,SU ALTI KEŞİF MASKESİ HYS30,630 ₺
yuzme-malzemeleri.html,Helix El Paleti HP04 Small,220 ₺
yuzme-malzemeleri.html,Helix El Paleti HP05 Ayarlanabilir,410 ₺
yuzme-malzemeleri.html,Helix El Paleti HP04 Medium,220 ₺
yuzme-malzemeleri.html,Helix Yüzücü Paleti PF45,1.200 ₺
yuzme-malzemeleri.html,Helix Yüzücü Paleti PF40,1.160 ₺
yuzme-malzemeleri.html,Helix Yüzücü Paleti PF35,970 ₺
yuzme.html,ADG23 HATTRICK,190 ₺
yuzme.html,ADG26 HATTRICK,210 ₺
yuzme.html,ADG27 HATTRICK,210 ₺
yuzme.html,HDG25 HATTRICK,440 ₺
yuzme.html,ADG25 HATTRICK,330 ₺
yuzme.html,HATTRICK HDG 26-31,410 ₺
yuzme.html,HDG 32-37 HATTRICK ÇOCUK,410 ₺
yuzme.html,Helix Yüzücü Gözlüğü Çocuk 1900P,300 ₺
yuzme.html,Helix Yüzücü Gözlüğü Yetişkin AGM-01,520 ₺
yuzme.html,Helix Yüzücü Gözlüğü Yetişkin BG100,640 ₺
yuzme.html,Helix Yüzücü Gözlüğü Genç BKG80-B,570 ₺
yuzme.html,Helix Yüzücü Gözlüğü Genç BKG80-P,570 ₺
yuzme.html,Helix Yüzücü Gözlüğü Çocuk 1900C,280 ₺
yuzme.html,Helix Yüzücü Gözlüğü Genç KG20,360 ₺
yuzme.html,Helix Yüzücü Gözlüğü Genç KG25,380 ₺
yuzme.html,Helix Yüzücü Gözlüğü Çocuk 1900B,300 ₺
yuzme.html,Helix Yüzücü Gözlüğü Çocuk 1900DB,300 ₺
yuzme.html,Helix Yüzücü Gözlüğü Çocuk 1900PK,300 ₺
yuzme.html,Helix Yüzücü Gözlüğü Yetişkin AG05,470 ₺
